income_lpa,occupation,insurance_premium_category,age_group,bmi,lifestyle_risk,city_tier
29.9,Factory Worker,Medium,Senior,18.401342975206614,medium,2
19.22,Businessman,Medium,Senior,31.88775510204082,high,3
36.95,Sales Manager,Low,Middle Age,27.458654210326976,medium,3
14.75,Banker,Low,Middle Age,27.815881725346742,medium,2
19.32,Marketing Manager,High,Middle Age,12.749565972222223,high,2
2.59,Insurance Agent,High,Middle Age,26.023048986244955,high,1
16.42,HR Manager,Low,Senior,21.266540642722116,low,1
7.23,Pharmacist,Low,Senior,19.252619618735007,low,1
30.08,Teacher,High,Senior,18.608223062381853,medium,2
9.0,Software Engineer,Medium,Middle Age,21.447567845806283,medium,2
44.62,Consultant,Medium,Senior,17.718596472388523,medium,2
18.31,Driver,Medium,Senior,36.64982060877281,high,2
35.28,HR Manager,Low,Middle Age,17.824807605251245,medium,2
22.75,Shop Owner,Medium,Senior,20.07774787474903,low,1
17.87,Teacher,Medium,Middle Age,24.332277048438208,medium,3
4.45,Nurse,Low,Senior,21.64412070759625,low,1
38.73,Accountant,High,Senior,19.396188227357058,medium,2
23.21,Government Employee,Medium,Middle Age,29.410758865975858,medium,2
36.25,Architect,High,Middle Age,13.88721168940949,high,2
30.36,Engineer,Medium,Senior,29.705644072373747,medium,2
5.29,Software Engineer,Medium,Middle Age,18.827160493827158,medium,1
38.85,Driver,Medium,Middle Age,30.00414951003862,high,2
43.95,Architect,Low,Middle Age,20.45288531775018,low,1
14.88,Consultant,Medium,Middle Age,26.562499999999996,medium,2
23.19,Real Estate Agent,Medium,Senior,25.235576794007894,medium,2
2.28,Civil Servant,High,Senior,29.384676110696898,high,1
24.31,Nurse,High,Senior,16.5406427221172,high,2
14.5,Architect,Medium,Middle Age,23.225431847873423,low,1
37.23,Software Engineer,Medium,Middle Age,33.59374999999999,high,2
7.48,Plumber,High,Senior,23.84803048162057,medium,2
26.3,Marketing Manager,Low,Middle Age,23.291229956104985,low,2
7.03,Retail Manager,Medium,Middle Age,16.787190082644628,high,1
12.17,Real Estate Agent,Low,Middle Age,22.205989773557338,low,1
26.83,Banker,Medium,Middle Age,38.792376454714116,high,1
15.43,Factory Worker,High,Middle Age,31.708283789139912,high,1
15.5,Software Engineer,Medium,Middle Age,32.769394909312595,high,3
48.29,Chef,High,Senior,27.16161158895428,high,2
35.82,Factory Worker,High,Senior,39.54214360041623,high,2
21.2,Teacher,Medium,Senior,21.301775147928996,low,1
31.17,Accountant,Medium,Middle Age,42.29142637447136,high,2
15.88,Pharmacist,Medium,Senior,14.879370815176959,medium,1
13.1,Government Employee,Low,Middle Age,20.303697560696612,low,2
3.11,Civil Servant,Low,Middle Age,22.666666666666668,low,2
17.77,Consultant,Low,Senior,24.543462381300216,low,2
49.18,Sales Manager,Medium,Middle Age,14.802225816178286,medium,1
40.02,HR Manager,Medium,Middle Age,43.55555555555556,high,2
24.09,Software Engineer,High,Senior,25.333333333333332,medium,2
44.37,Factory Worker,Medium,Middle Age,16.693279140659023,medium,1
7.94,Government Employee,High,Senior,20.444444444444443,medium,2
35.92,Chef,Medium,Middle Age,32.660763536072004,high,2
27.79,Plumber,Medium,Middle Age,28.703703703703702,medium,2
41.16,HR Manager,Low,Middle Age,22.265624999999996,low,3
31.69,Teacher,Low,Middle Age,22.76943835385394,low,3
43.7,Plumber,High,Senior,23.06805074971165,medium,1
48.45,Chef,Medium,Middle Age,32.83097978719196,high,2
13.42,Driver,Medium,Middle Age,16.262975778546714,medium,1
7.45,Insurance Agent,Low,Middle Age,16.59804015448945,medium,1
15.75,Electrician,High,Senior,29.752066115702483,high,1
40.74,Driver,Low,Middle Age,21.883656509695292,low,2
48.25,HR Manager,Medium,Senior,31.22945430637738,high,1
4.56,Teacher,Low,Middle Age,28.604764951635367,medium,1
34.21,Carpenter,High,Middle Age,33.694937541091385,high,1
38.29,Doctor,Medium,Senior,23.87152777777778,low,2
28.42,Lab Technician,Medium,Middle Age,16.84502576298058,medium,1
21.78,Pharmacist,Low,Middle Age,22.53061224489796,low,3
18.62,Plumber,High,Middle Age,39.728309624503396,high,3
47.48,Data Analyst,High,Senior,25.63116749967961,high,1
29.81,Engineer,High,Senior,15.278406518786783,high,2
17.63,Banker,Low,Middle Age,23.051754907792983,medium,3
16.26,Retail Manager,Low,Senior,19.95728440880922,low,2
28.33,Retail Manager,High,Senior,34.602076124567475,high,2
17.84,Consultant,Low,Senior,23.888440980620498,low,1
3.88,Doctor,Low,Middle Age,21.383941996057334,low,2
30.83,Software Engineer,Medium,Senior,24.45759368836292,low,1
19.39,Shop Owner,Medium,Senior,29.017447199265384,medium,2
42.21,Consultant,High,Middle Age,39.036817882971725,high,2
3.08,Chef,Low,Middle Age,25.06574621959237,medium,1
44.95,Lab Technician,Medium,Senior,24.178977574662557,low,2
24.85,Factory Worker,Medium,Senior,22.743383742911153,low,2
49.1,Plumber,Medium,Senior,17.360441340997646,medium,2
37.22,Pharmacist,Medium,Middle Age,21.06162815542871,medium,2
12.5,Driver,Low,Middle Age,22.79032897344431,low,1
26.07,Chef,Medium,Senior,16.72190868643435,medium,1
41.43,Banker,Medium,Middle Age,30.110990511536716,high,1
38.47,Engineer,Low,Senior,18.749999999999996,low,1
49.07,Real Estate Agent,Medium,Senior,15.397105344195293,medium,2
32.79,Architect,High,Middle Age,14.837210604406373,high,1
29.85,Consultant,High,Senior,27.117768595041323,high,1
6.15,Shop Owner,Low,Middle Age,15.777940102264425,medium,2
34.25,Government Employee,Medium,Senior,19.66230766829999,low,2
33.9,Banker,High,Middle Age,27.738854413909458,high,2
43.54,Nurse,Low,Senior,13.285152513550857,medium,2
48.83,Sales Manager,Low,Middle Age,27.137413996326856,medium,1
39.0,Engineer,Low,Middle Age,29.733900410252552,medium,2
48.1,Lab Technician,High,Middle Age,17.82322863403944,medium,1
21.7,HR Manager,Medium,Senior,25.102391333069097,medium,1
15.6,Lawyer,Medium,Middle Age,32.561885088057146,high,2
5.56,Data Analyst,Medium,Senior,27.11111111111111,medium,2
21.25,Pharmacist,Medium,Middle Age,28.479886080455675,medium,3
47.81,Plumber,Medium,Middle Age,33.26706965799829,high,1
21.56,Plumber,Medium,Middle Age,28.444444444444443,medium,1
13.66,Teacher,Low,Senior,19.94805976890361,low,2
2.07,Electrician,High,Senior,26.314635323012148,high,2
21.01,Lab Technician,High,Senior,34.33509509663978,high,2
11.33,Government Employee,Low,Senior,19.81405273586343,low,2
41.7,Pharmacist,High,Senior,28.393726338561386,high,2
3.24,HR Manager,Low,Middle Age,35.62901744719927,high,1
26.45,Marketing Manager,Low,Middle Age,22.616699539776466,low,1
6.41,Driver,High,Senior,24.897060231734173,medium,1
14.76,Plumber,Medium,Senior,29.06877329776684,high,2
35.22,Doctor,Medium,Senior,27.053802773967377,medium,2
32.95,Software Engineer,Low,Middle Age,14.041085436952473,medium,2
20.55,Lawyer,Low,Middle Age,25.15589569160998,medium,2
30.7,Shop Owner,Low,Senior,22.321428571428577,low,3
25.27,Insurance Agent,High,Senior,21.641274238227147,medium,3
40.47,Pharmacist,Medium,Senior,27.17063156623596,medium,1
2.67,Shop Owner,Low,Middle Age,25.209201358495854,medium,2
15.31,Marketing Manager,High,Middle Age,28.479886080455675,high,2
42.72,HR Manager,High,Middle Age,30.555555555555554,high,3
34.92,Driver,High,Middle Age,16.59804015448945,medium,2
34.04,Real Estate Agent,High,Middle Age,14.177693761814744,high,2
27.31,Consultant,High,Senior,40.16390117246136,high,2
16.85,Software Engineer,Medium,Middle Age,38.62590401051939,high,2
30.21,Architect,Medium,Middle Age,27.19178983377922,medium,2
49.07,Insurance Agent,High,Senior,36.264033023417305,high,1
28.19,Engineer,Low,Middle Age,25.21735857578381,medium,2
18.49,Real Estate Agent,Medium,Middle Age,28.734672057202044,high,1
18.37,Architect,Low,Senior,22.03856749311295,low,1
25.28,Real Estate Agent,High,Middle Age,18.312854442344044,high,2
48.59,Civil Servant,Medium,Middle Age,23.54788069073783,medium,1
4.45,Chef,Low,Senior,24.341758286340216,low,1
26.63,Teacher,Low,Middle Age,17.398736302310674,medium,2
47.58,Accountant,Low,Middle Age,14.609203798392986,medium,1
11.1,Accountant,Medium,Middle Age,22.589551436050055,medium,2
38.23,Software Engineer,Medium,Senior,21.79930795847751,low,1
45.5,Software Engineer,Low,Middle Age,28.72737719046251,medium,2
16.26,Accountant,Medium,Senior,17.08984375,medium,2
48.05,Civil Servant,High,Middle Age,34.31252407128602,high,2
4.77,Chef,Low,Middle Age,15.31969013758816,medium,2
12.19,Data Analyst,Low,Middle Age,18.80920625149619,low,1
9.21,Banker,Low,Middle Age,24.725182932941294,low,2
13.94,Government Employee,High,Middle Age,30.33021487462087,high,2
26.38,Civil Servant,High,Senior,31.20256367009614,high,1
34.69,Teacher,Medium,Middle Age,32.74416118146279,high,1
5.09,Civil Servant,Low,Middle Age,24.441802087462015,low,1
6.47,Accountant,Low,Middle Age,16.070124178232284,medium,2
7.36,Engineer,Medium,Middle Age,27.727478497057493,high,2
9.37,Electrician,Medium,Senior,20.86111966075032,low,1
28.17,Content Writer,Medium,Middle Age,33.3275623268698,high,2
4.83,Banker,Low,Middle Age,17.43285123966942,medium,3
29.03,Civil Servant,Medium,Senior,16.298185941043087,medium,1
35.02,Architect,Medium,Middle Age,13.874436351023238,medium,2
9.47,Electrician,Low,Middle Age,22.275309917355372,low,1
22.86,Carpenter,Medium,Middle Age,16.410140334993212,medium,1
37.48,Insurance Agent,Medium,Middle Age,37.72972534382733,high,3
44.04,Lab Technician,Medium,Middle Age,22.530864197530864,medium,2
35.96,Consultant,Medium,Senior,28.926223520818112,medium,1
36.89,Retail Manager,Low,Senior,27.44454504300589,medium,1
47.56,Software Engineer,Low,Middle Age,29.283902910276534,medium,2
40.94,Accountant,Medium,Senior,26.44628099173554,medium,2
47.22,Content Writer,Low,Middle Age,21.230572023714146,low,2
6.33,Chef,Low,Middle Age,18.174913194444446,medium,2
4.82,Businessman,Low,Middle Age,17.908855357415025,medium,2
3.46,Architect,Medium,Senior,31.231409875074366,high,3
29.79,Marketing Manager,High,Senior,32.34681737061273,high,2
15.34,Carpenter,Medium,Senior,30.299204645878046,high,2
48.44,Architect,High,Middle Age,21.705129432793896,medium,1
20.8,Chef,Medium,Middle Age,25.401701323251416,medium,1
46.93,Banker,Medium,Middle Age,17.43285123966942,medium,3
47.33,Chef,High,Middle Age,15.193571950328705,high,2
15.45,Insurance Agent,Low,Middle Age,19.78969754253308,low,1
25.69,Carpenter,Low,Middle Age,27.102040816326532,medium,3
26.4,Shop Owner,High,Senior,21.50294250792214,medium,2
7.89,Factory Worker,Medium,Senior,26.880934989043094,medium,2
4.37,Nurse,Low,Middle Age,19.223375624759708,low,1
49.14,Architect,Medium,Senior,28.35538752362949,medium,1
22.45,Accountant,Medium,Middle Age,30.48668503213958,high,2
46.38,Content Writer,Low,Middle Age,23.381868423849507,low,1
18.47,Software Engineer,High,Middle Age,27.117768595041323,high,1
27.24,Engineer,Medium,Senior,20.875632703251448,low,2
45.27,Shop Owner,Medium,Middle Age,36.35734072022161,high,1
7.87,Civil Servant,Low,Senior,24.76756591982929,low,1
46.66,Content Writer,High,Middle Age,30.700407876847507,high,2
34.36,Engineer,High,Senior,15.854141894569956,high,1
35.02,Nurse,High,Middle Age,14.682881675125282,high,2
14.3,Content Writer,Medium,Senior,15.777940102264425,medium,2
41.29,Accountant,High,Senior,25.661152034778407,high,2
46.89,Architect,Medium,Senior,26.89232313815483,medium,2
19.22,Lawyer,Low,Senior,21.158854166666668,low,1
20.58,Driver,Low,Middle Age,16.245274102079396,medium,1
3.54,Software Engineer,High,Senior,27.09925100681245,high,1
15.32,Shop Owner,Medium,Senior,34.159779614325075,high,1
23.6,Software Engineer,Low,Middle Age,24.915315920606925,medium,2
5.83,Engineer,Medium,Senior,30.42184964845863,high,1
10.79,Businessman,Low,Middle Age,23.405654174884944,low,1
9.73,Data Analyst,Low,Middle Age,18.41565028378215,medium,1
10.52,Businessman,Medium,Middle Age,35.055631763450684,high,2
21.52,Real Estate Agent,Low,Senior,18.590124925639504,low,2
7.47,Shop Owner,Medium,Senior,28.088991030674453,medium,2
2.11,Lab Technician,Low,Middle Age,27.44059917355372,medium,3
19.94,Chef,Low,Senior,24.56747404844291,low,1
31.96,Lab Technician,Low,Middle Age,29.411764705882355,medium,2
40.5,Lab Technician,High,Senior,31.14186851211073,high,2
39.16,Software Engineer,Medium,Senior,25.039918710988534,medium,1
47.01,Content Writer,Medium,Senior,26.555965935105768,medium,2
30.67,Software Engineer,High,Middle Age,30.062101973814325,high,1
35.26,Electrician,High,Senior,18.314459265590184,high,2
6.39,Teacher,Medium,Middle Age,26.91272587466359,high,1
10.4,Accountant,Medium,Middle Age,32.46618106139438,high,2
46.27,Electrician,Medium,Middle Age,22.058051188683873,medium,1
30.45,Sales Manager,Low,Middle Age,19.705532421177875,low,1
45.04,Sales Manager,Medium,Senior,19.78969754253308,low,1
5.16,Civil Servant,High,Senior,37.34186861758877,high,2
3.25,Software Engineer,Medium,Middle Age,16.586119134090193,high,2
16.51,Retail Manager,Low,Senior,19.841269841269845,low,2
13.33,Teacher,Low,Middle Age,27.630367089162757,medium,2
28.25,Shop Owner,Medium,Middle Age,29.77777777777778,medium,1
46.2,Accountant,Medium,Senior,23.40750912892856,low,2
17.73,Sales Manager,Low,Senior,20.109164033323754,low,2
4.98,Electrician,Low,Middle Age,17.746228926353147,medium,2
40.48,HR Manager,Low,Middle Age,20.39542143600416,low,3
22.46,Data Analyst,High,Senior,28.726787729557817,high,2
2.9,Pharmacist,Low,Senior,27.15271058955713,medium,1
38.05,Electrician,Medium,Senior,12.47829861111111,medium,2
17.48,Carpenter,Low,Middle Age,21.60410477990818,low,2
33.24,Government Employee,High,Middle Age,33.6727656294373,high,2
3.86,Doctor,Low,Middle Age,19.227687870533565,low,3
25.46,Government Employee,High,Senior,21.06162815542871,medium,2
2.05,Insurance Agent,Medium,Senior,33.834027364663896,high,2
41.77,Lab Technician,Low,Middle Age,28.577960676726104,medium,3
23.31,Civil Servant,Medium,Senior,24.337479718766904,low,2
10.03,Factory Worker,Medium,Senior,32.69916765755053,high,2
14.46,Electrician,Low,Senior,18.621386188612547,low,1
17.41,Civil Servant,Medium,Senior,32.075912994086,high,2
9.58,Data Analyst,High,Middle Age,25.499131944444446,high,1
10.17,Architect,Low,Middle Age,17.263544536271812,medium,1
36.66,Chef,Low,Middle Age,25.381468541909282,medium,2
39.3,Doctor,Medium,Senior,25.315454293738377,medium,2
16.15,Architect,High,Senior,31.51150169811982,high,2
4.66,HR Manager,Low,Middle Age,30.120481927710845,high,2
46.27,HR Manager,High,Middle Age,30.08382909680909,high,2
37.77,Insurance Agent,Medium,Middle Age,30.38710529792575,high,2
39.02,Businessman,Medium,Senior,26.638917793964616,medium,1
19.61,Plumber,High,Middle Age,33.77044866453226,high,1
4.75,Electrician,Medium,Middle Age,36.13233467574994,high,2
21.31,Carpenter,Medium,Senior,30.110990511536716,high,1
43.56,Consultant,Medium,Senior,17.36111111111111,medium,3
33.23,Content Writer,Medium,Senior,24.740937287102444,low,2
47.27,Pharmacist,High,Senior,36.71874999999999,high,1
42.8,Civil Servant,High,Senior,30.642535669826675,high,2
45.26,Lab Technician,High,Senior,28.398718000730252,medium,1
18.11,Civil Servant,High,Middle Age,14.356605599076184,high,1
11.36,Consultant,High,Senior,16.79684219366759,high,2
14.27,Doctor,Medium,Senior,38.08864265927978,high,2
6.05,Factory Worker,Low,Middle Age,14.557263234511913,medium,2
35.64,Shop Owner,Medium,Senior,18.673607967406067,low,2
39.1,Lawyer,High,Senior,40.44444444444444,high,2
18.84,Nurse,Medium,Middle Age,14.870313706425689,high,1
2.24,Teacher,High,Senior,17.92821542543655,high,1
4.27,Electrician,Medium,Senior,38.67187499999999,high,2
23.49,Government Employee,Medium,Senior,29.402920244578837,medium,1
48.57,Consultant,Medium,Middle Age,27.239224483255885,medium,2
3.46,HR Manager,Low,Middle Age,33.21799307958478,high,1
26.51,Pharmacist,Low,Middle Age,23.711844630960897,low,1
21.27,Carpenter,Medium,Middle Age,30.811246104828268,high,1
15.22,Shop Owner,High,Middle Age,34.67459228776101,high,1
47.67,HR Manager,Medium,Middle Age,29.752066115702483,high,2
36.13,Lab Technician,Low,Senior,26.573129251700685,medium,2
20.6,Banker,Medium,Senior,28.0,medium,2
16.77,Plumber,Medium,Senior,25.48476454293629,medium,2
21.81,Architect,Medium,Middle Age,14.506172839506172,medium,1
37.04,Sales Manager,Low,Middle Age,21.50294250792214,low,2
16.77,Data Analyst,Low,Middle Age,28.408163265306122,medium,2
46.19,Software Engineer,Medium,Middle Age,26.583175803402646,medium,2
20.16,Architect,Medium,Middle Age,35.81771071483005,high,2
24.67,Software Engineer,Medium,Middle Age,37.655817174515235,high,2
36.96,Electrician,High,Senior,23.624447492760247,medium,2
13.13,Factory Worker,Low,Middle Age,36.36363636363637,high,2
14.44,Driver,Medium,Middle Age,22.79035792549306,medium,2
20.41,Shop Owner,Medium,Senior,27.717685235262305,medium,1
28.91,Data Analyst,Medium,Middle Age,37.27906670760054,high,2
44.74,Nurse,Low,Middle Age,20.832529609197174,low,1
3.53,Banker,High,Senior,32.242063492063494,high,2
3.62,Architect,Medium,Senior,26.86873565994445,medium,1
25.88,Engineer,High,Senior,32.561885088057146,high,2
45.53,Shop Owner,Low,Middle Age,24.031709372366656,low,2
36.54,Banker,High,Senior,30.863035868869737,high,2
19.83,Businessman,High,Senior,32.46618106139438,high,3
48.1,Lawyer,Medium,Senior,26.106562240417702,medium,2
11.15,Sales Manager,Low,Middle Age,22.634676324128566,low,2
11.2,Accountant,Low,Senior,28.08626033057851,medium,1
5.33,Government Employee,High,Middle Age,30.757400999615534,high,2
35.91,Engineer,Medium,Senior,26.863298703434666,medium,1
35.46,Teacher,High,Middle Age,27.94214332675871,high,2
17.17,Content Writer,Low,Senior,24.747454257779218,low,2
28.04,Factory Worker,Medium,Senior,14.363688595231254,medium,2
17.4,Banker,High,Middle Age,23.337684427040067,medium,2
42.04,Banker,Medium,Senior,29.745808545159548,medium,2
34.1,HR Manager,Medium,Middle Age,30.477966223242138,high,2
46.14,Lab Technician,Medium,Middle Age,21.70138888888889,medium,1
39.92,HR Manager,Medium,Middle Age,22.991689750692522,medium,2
46.23,Factory Worker,Low,Middle Age,17.269263452207998,medium,3
20.08,Insurance Agent,Medium,Senior,36.36363636363637,high,1
10.34,Real Estate Agent,Low,Middle Age,36.05191475725044,high,2
37.42,Data Analyst,Medium,Middle Age,19.95728440880922,low,3
20.61,Retail Manager,High,Middle Age,36.85306841852267,high,3
47.5,Doctor,Low,Senior,18.59103674696412,low,2
12.0,Lab Technician,Low,Middle Age,30.487804878048784,high,2
43.85,Driver,Medium,Senior,32.04587620172036,high,3
46.5,Pharmacist,High,Middle Age,18.401342975206614,high,2
8.71,Doctor,Medium,Senior,18.924941241109856,low,2
13.63,Government Employee,High,Middle Age,16.76494392415308,high,1
46.15,Nurse,Medium,Senior,14.40443213296399,medium,2
42.59,Nurse,High,Senior,38.36873541394723,high,2
43.24,Consultant,Medium,Middle Age,17.004995217345098,medium,1
37.34,Real Estate Agent,Medium,Senior,33.564013840830455,high,1
38.43,Electrician,Medium,Middle Age,22.03840115928028,medium,2
32.94,Chef,Medium,Senior,20.446742023841672,low,1
20.71,Pharmacist,Medium,Senior,25.781249999999996,medium,2
4.07,Accountant,Medium,Senior,23.08254200146092,medium,2
36.6,Electrician,Low,Middle Age,20.796729893506402,low,2
33.72,Nurse,Medium,Middle Age,17.09349531455084,medium,2
39.89,Electrician,Medium,Senior,16.483013339031164,medium,2
27.65,Teacher,Medium,Senior,17.477606816266658,medium,2
35.11,Data Analyst,High,Senior,36.0,high,1
45.74,Government Employee,Medium,Senior,25.280109859242845,medium,2
29.22,HR Manager,High,Middle Age,36.628511966701346,high,2
26.19,Factory Worker,Medium,Middle Age,31.58861340679523,high,1
8.55,Electrician,Low,Senior,19.100091827364558,low,2
24.85,Retail Manager,Medium,Middle Age,26.794938016528928,medium,2
4.2,Chef,Low,Middle Age,19.562955254942764,low,2
34.61,Driver,High,Senior,37.655817174515235,high,3
37.64,Software Engineer,Medium,Senior,26.304601976830696,medium,2
5.68,Software Engineer,Low,Middle Age,29.372397382510414,medium,2
9.97,Teacher,Medium,Senior,21.736505252988767,low,1
28.52,Shop Owner,High,Senior,18.670934308794386,medium,2
18.59,Government Employee,Low,Middle Age,23.423557406305775,low,1
8.24,Driver,Medium,Senior,14.163487108336222,medium,1
47.25,Content Writer,Low,Middle Age,29.402920244578837,medium,1
10.43,Chef,High,Senior,23.48347668628339,medium,2
47.14,Sales Manager,Medium,Middle Age,17.901234567901234,medium,2
10.62,Chef,Medium,Middle Age,41.226262006052366,high,2
21.49,Carpenter,Low,Middle Age,27.45288684263204,medium,1
35.65,Businessman,Medium,Middle Age,31.20256367009614,high,1
14.34,Insurance Agent,Low,Middle Age,33.53147386069196,high,3
5.82,Chef,Low,Middle Age,26.881720430107524,medium,2
10.31,Banker,Low,Senior,21.63114885435026,low,1
43.3,Pharmacist,High,Middle Age,16.475893166840095,high,3
10.51,Retail Manager,Low,Middle Age,12.883418765932952,medium,1
25.12,Nurse,Medium,Senior,28.731921487603305,medium,2
4.71,Shop Owner,Low,Middle Age,27.717685235262305,medium,1
37.63,Electrician,Medium,Senior,17.8359096313912,medium,1
37.94,HR Manager,Low,Middle Age,14.802225816178286,medium,1
42.13,Government Employee,High,Middle Age,39.387119113573405,high,2
23.92,Architect,Low,Senior,24.48565200513601,low,2
22.11,Software Engineer,Medium,Middle Age,17.632653061224488,high,2
41.9,Shop Owner,Medium,Middle Age,34.131113423517164,high,1
18.52,Chef,Medium,Middle Age,29.40778799351001,medium,3
8.57,Consultant,Medium,Senior,32.42187499999999,high,2
46.42,Real Estate Agent,Low,Senior,15.548945375878855,medium,1
39.73,Retail Manager,Low,Senior,19.944502254595903,low,1
35.28,Insurance Agent,High,Senior,28.44095497516423,high,1
8.66,Marketing Manager,Medium,Middle Age,27.776929886145112,high,2
39.13,Chef,Medium,Middle Age,23.49523687470631,medium,1
12.93,Consultant,Low,Middle Age,15.731336137614994,medium,1
26.74,Factory Worker,Medium,Middle Age,41.226262006052366,high,2
27.34,Consultant,Low,Middle Age,26.07897153351699,medium,2
33.51,Insurance Agent,High,Senior,19.909972299168974,medium,1
39.83,Shop Owner,Medium,Middle Age,31.020408163265305,high,2
24.23,Electrician,Medium,Senior,17.444021847922443,medium,2
27.97,Banker,Low,Senior,22.1606648199446,low,2
41.23,Factory Worker,High,Middle Age,15.570934256055365,high,2
31.11,Insurance Agent,Medium,Senior,15.063799621928165,medium,1
37.02,Architect,Medium,Middle Age,18.717546190073662,medium,1
3.17,HR Manager,Low,Middle Age,13.440467494521547,medium,1
25.38,Retail Manager,High,Senior,30.75987020010817,high,2
23.54,Government Employee,Medium,Middle Age,25.14741588622962,high,2
40.65,Driver,Low,Middle Age,20.654142145767317,low,2
28.29,Teacher,Low,Middle Age,18.98871527777778,low,2
6.23,Real Estate Agent,High,Senior,28.384802161348794,high,2
10.37,Architect,Low,Middle Age,12.753746413008821,medium,3
41.62,Factory Worker,Medium,Middle Age,28.06642386982525,high,1
15.34,Software Engineer,Medium,Middle Age,21.56476002629849,medium,2
31.92,Lawyer,Low,Middle Age,18.41565028378215,medium,1
2.34,Real Estate Agent,Low,Middle Age,26.122448979591837,medium,2
6.92,Consultant,Low,Senior,20.5456936226167,low,2
18.74,Teacher,High,Senior,23.372576177285318,medium,1
22.02,Data Analyst,Low,Middle Age,23.93606231490121,low,1
32.67,Banker,Low,Middle Age,29.387755102040817,medium,2
11.19,Marketing Manager,Medium,Senior,15.389350569405973,medium,2
24.42,Engineer,Medium,Senior,30.42184964845863,high,2
45.63,Plumber,Medium,Senior,23.738662131519277,low,2
27.67,HR Manager,Medium,Senior,32.89329415376518,high,3
31.9,HR Manager,Low,Middle Age,21.469150482230148,low,1
44.22,Teacher,Low,Senior,22.832879346258608,low,2
13.58,Software Engineer,Medium,Senior,14.253995230393905,medium,2
2.07,Retail Manager,High,Middle Age,30.86300682844026,high,2
23.59,Lawyer,Medium,Senior,23.66691015339664,medium,2
35.96,Factory Worker,Medium,Middle Age,30.094730002393902,high,3
38.4,Data Analyst,High,Senior,32.326530612244895,high,1
11.64,Doctor,Medium,Middle Age,22.985397512168742,medium,1
35.18,Factory Worker,Low,Middle Age,21.612811791383223,low,1
8.82,Data Analyst,Medium,Middle Age,25.50404037692287,medium,3
36.85,Architect,Low,Middle Age,18.58789213303211,low,2
20.22,Teacher,Medium,Middle Age,18.827160493827158,medium,2
37.74,Real Estate Agent,Low,Middle Age,21.158854166666668,low,2
14.99,Insurance Agent,Medium,Senior,26.014568158168572,medium,2
4.33,Architect,Low,Middle Age,32.446723281525394,high,1
34.81,Consultant,High,Senior,32.690541781450875,high,2
5.0,Consultant,Low,Middle Age,19.927728770326283,low,1
43.42,Insurance Agent,Medium,Senior,17.647058823529413,medium,2
4.58,Engineer,Medium,Middle Age,29.333333333333332,high,1
22.59,Government Employee,High,Middle Age,16.423303174176592,high,1
36.4,Pharmacist,Low,Middle Age,22.948115744558788,low,2
31.45,HR Manager,Medium,Senior,27.055150884495315,medium,2
10.48,Consultant,High,Middle Age,35.93749999999999,high,1
24.32,Accountant,High,Middle Age,12.488043362737805,high,1
3.46,Civil Servant,Low,Middle Age,22.587833094227893,low,3
45.99,Businessman,Medium,Senior,32.0,high,2
10.41,Driver,High,Senior,16.141528925619834,medium,2
31.83,Lawyer,High,Middle Age,37.722908093278456,high,3
38.39,Data Analyst,Low,Senior,18.670934308794386,low,2
23.55,Retail Manager,Medium,Middle Age,22.313278429145196,medium,2
22.34,Electrician,Low,Middle Age,21.208448753462605,low,2
34.46,Retail Manager,Low,Senior,19.86851716581446,low,2
33.94,Content Writer,High,Middle Age,31.462672275229988,high,2
36.6,Architect,Low,Middle Age,17.882971729125575,medium,2
12.06,Retail Manager,Medium,Senior,30.668904958677686,high,2
17.21,Chef,Low,Middle Age,25.402816083611555,medium,1
25.07,Teacher,Medium,Middle Age,25.10633270321361,medium,2
5.11,Marketing Manager,Low,Middle Age,34.889853543754306,high,2
21.07,Lawyer,Medium,Senior,16.410140334993212,medium,1
19.14,Pharmacist,Low,Senior,19.576333089846603,low,1
49.87,Nurse,Medium,Senior,24.675500270416443,low,2
8.61,HR Manager,Low,Middle Age,28.089010954714272,medium,2
30.38,Businessman,Medium,Middle Age,20.902385858042937,medium,2
31.34,Architect,Medium,Senior,20.603780345785182,low,1
3.12,Nurse,Medium,Senior,15.462239583333334,medium,2
26.69,Retail Manager,High,Senior,32.91201288470292,high,1
42.13,Carpenter,High,Middle Age,29.700413223140497,high,1
10.06,HR Manager,High,Senior,23.95122659311947,medium,2
43.91,Consultant,High,Senior,23.120623596247853,medium,2
41.76,Real Estate Agent,Medium,Senior,19.78969754253308,low,2
7.93,Banker,Low,Senior,20.528921627822726,low,2
38.53,Content Writer,Medium,Senior,13.014938886373926,medium,2
19.83,Teacher,Medium,Middle Age,23.163373273470786,medium,2
8.77,Driver,High,Middle Age,38.85595257170325,high,1
4.13,Lab Technician,Low,Middle Age,22.024322512687924,low,2
48.83,HR Manager,Medium,Senior,29.75274443418488,medium,2
32.94,Accountant,Low,Middle Age,26.638917793964616,medium,2
3.84,HR Manager,Low,Middle Age,27.815881725346742,medium,2
3.92,Insurance Agent,Low,Middle Age,18.523987221133453,low,2
41.61,Accountant,High,Middle Age,26.878544423440452,high,2
8.86,Lawyer,High,Middle Age,34.11235302656409,high,2
37.66,Teacher,Low,Middle Age,20.1459051921492,low,2
42.02,Lab Technician,Medium,Middle Age,26.813590449954088,medium,2
25.18,Accountant,Medium,Senior,35.883634499551455,high,1
42.28,Data Analyst,Medium,Middle Age,40.349107495285295,high,1
21.1,Retail Manager,Medium,Middle Age,20.61925365062196,medium,2
28.97,Sales Manager,High,Middle Age,29.303134824944294,high,2
25.71,Shop Owner,Low,Senior,23.030045351473927,low,2
45.02,Carpenter,Low,Middle Age,17.239048134126556,medium,2
36.9,Content Writer,Low,Middle Age,20.281233098972418,low,1
26.33,Data Analyst,High,Middle Age,17.846519928613922,high,1
47.18,Plumber,Medium,Middle Age,25.195263290501387,medium,1
16.8,Accountant,Low,Middle Age,15.94387755102041,medium,1
48.22,Retail Manager,High,Senior,18.717447916666668,medium,2
17.52,Pharmacist,Medium,Senior,30.323342589932647,high,2
14.02,Data Analyst,Medium,Middle Age,29.968782518210194,high,2
21.06,Factory Worker,Medium,Middle Age,28.256989886972047,medium,2
26.59,Accountant,Medium,Senior,19.86630513570834,low,2
12.86,Engineer,Low,Middle Age,16.72190868643435,medium,2
17.61,Consultant,High,Senior,23.875114784205696,medium,2
34.53,HR Manager,Low,Middle Age,21.785875961973744,low,2
29.89,Marketing Manager,High,Senior,32.21175729141137,high,2
18.54,Nurse,Medium,Senior,16.9061707523246,medium,2
11.47,Sales Manager,High,Senior,19.60519199567334,medium,2
35.33,Electrician,Low,Middle Age,24.3910588392529,low,2
17.27,Civil Servant,High,Middle Age,29.242108636436463,high,2
48.43,Accountant,Low,Middle Age,26.573129251700685,medium,3
10.2,Chef,Medium,Middle Age,24.94449165318933,high,1
29.28,Real Estate Agent,High,Senior,18.717447916666668,medium,1
23.24,Businessman,Medium,Middle Age,33.20312499999999,high,2
37.56,Electrician,Medium,Senior,20.19557823129252,low,2
29.14,Carpenter,Medium,Senior,28.060018903591683,high,2
35.62,Sales Manager,Medium,Middle Age,25.24933720489837,medium,2
46.8,Data Analyst,High,Middle Age,17.004995217345098,high,1
44.92,Nurse,Low,Middle Age,15.844273426889997,medium,2
30.41,Insurance Agent,Low,Middle Age,22.432302515622492,low,2
49.12,Content Writer,Medium,Senior,30.35925113847192,high,2
29.82,Retail Manager,High,Senior,17.04032877810819,high,2
20.97,Software Engineer,Medium,Middle Age,40.349107495285295,high,2
3.28,Lab Technician,High,Middle Age,12.360289283366207,high,3
10.26,Driver,Low,Middle Age,22.313278429145196,low,2
30.51,Factory Worker,Low,Middle Age,22.31905622276544,medium,2
26.12,Plumber,Medium,Middle Age,36.36363636363637,high,2
15.03,Pharmacist,Medium,Senior,30.85399449035813,high,3
20.81,Teacher,Medium,Middle Age,39.15984336062655,high,2
17.98,Banker,Low,Senior,25.0,medium,2
40.91,Lab Technician,Low,Middle Age,26.29757785467128,medium,2
35.1,Marketing Manager,Low,Middle Age,28.06642386982525,medium,2
11.82,Engineer,Medium,Middle Age,20.085066162570886,medium,1
14.92,HR Manager,Medium,Middle Age,27.58020031934969,high,2
44.23,HR Manager,Low,Middle Age,23.243408017070564,low,2
32.35,Lab Technician,Medium,Middle Age,13.292100694444445,medium,2
28.38,Plumber,Low,Middle Age,19.62826470116968,low,2
24.85,Architect,Low,Middle Age,20.74506939371804,low,3
33.77,Content Writer,Medium,Senior,28.373702422145332,medium,2
9.59,Plumber,High,Senior,27.77427092538821,high,1
14.99,Insurance Agent,Low,Middle Age,15.703832403354605,medium,2
24.14,Consultant,High,Senior,36.786519520588584,high,2
18.85,HR Manager,Low,Middle Age,14.044505477357136,high,3
3.01,Content Writer,Low,Middle Age,21.97735111870822,low,2
35.22,Consultant,Medium,Middle Age,32.769394909312595,high,1
16.46,Chef,Low,Middle Age,18.359374999999996,medium,3
26.58,Lab Technician,Low,Middle Age,23.53036634346221,low,2
23.2,Lab Technician,Medium,Middle Age,22.12973972783723,medium,3
33.81,Plumber,Medium,Middle Age,28.719723183391007,medium,2
7.87,Electrician,Low,Senior,22.87968441814596,low,3
42.74,Lab Technician,High,Middle Age,31.640624999999993,high,3
9.73,Plumber,Low,Middle Age,18.41565028378215,medium,2
41.75,Factory Worker,Medium,Middle Age,34.10585141354372,high,2
32.04,Real Estate Agent,High,Senior,16.22920632939047,high,1
20.97,Software Engineer,Low,Middle Age,15.359168241965973,medium,3
8.84,Accountant,Medium,Senior,31.6734693877551,high,2
48.62,Insurance Agent,High,Middle Age,18.413907181423802,high,1
12.75,Engineer,High,Middle Age,28.726787729557817,high,3
31.36,Carpenter,Low,Middle Age,25.79591836734694,medium,3
23.37,Architect,High,Middle Age,28.71047932495361,high,2
3.29,Doctor,High,Senior,16.979591836734695,high,1
47.9,Software Engineer,Low,Middle Age,28.0,medium,1
31.45,Nurse,Medium,Senior,27.885187388459254,medium,2
21.59,HR Manager,Medium,Senior,30.427197857925268,high,2
9.8,Retail Manager,Medium,Senior,26.448979591836736,medium,2
29.78,Insurance Agent,Low,Middle Age,20.964360587002094,low,1
17.03,Retail Manager,Low,Middle Age,40.582681874492714,high,1
30.65,Content Writer,Medium,Senior,27.005130974885226,medium,2
29.55,Retail Manager,Medium,Middle Age,33.07828527515119,high,2
4.6,Driver,Low,Middle Age,21.20099137030069,low,2
49.34,Content Writer,Medium,Middle Age,19.94805976890361,medium,1
4.32,Shop Owner,Medium,Senior,32.787993510005414,high,2
8.19,Pharmacist,Low,Middle Age,21.230572023714146,low,1
48.36,Teacher,High,Middle Age,27.714789619551524,high,2
21.09,Teacher,Medium,Senior,19.834710743801654,low,2
6.24,Lawyer,Low,Middle Age,26.7538644470868,medium,2
42.01,Doctor,Low,Middle Age,24.535123966942148,low,2
32.03,Real Estate Agent,Medium,Middle Age,33.02366090869502,high,1
6.83,Factory Worker,Medium,Senior,14.506172839506172,medium,2
45.98,Sales Manager,Low,Middle Age,16.60899653979239,medium,2
10.55,Banker,Low,Senior,22.21367849972233,low,2
17.15,Lab Technician,Medium,Middle Age,19.07734998265695,medium,1
5.65,Government Employee,High,Middle Age,24.163265306122447,medium,2
41.93,Lab Technician,High,Middle Age,25.236340330075304,high,2
11.11,Consultant,Medium,Middle Age,31.934968790825955,high,2
19.55,Doctor,Low,Senior,19.15158479364167,low,1
20.24,Driver,Medium,Senior,27.776929886145112,medium,2
33.13,Shop Owner,Low,Middle Age,21.0828132906055,low,1
17.96,Shop Owner,Medium,Senior,25.94548395958609,medium,1
48.39,Chef,Medium,Middle Age,29.733900410252552,medium,3
28.12,Shop Owner,Medium,Middle Age,18.11375437749064,medium,1
41.41,Nurse,Low,Middle Age,25.876058067628612,medium,1
38.79,Sales Manager,Low,Senior,26.05835362467427,medium,1
13.72,Plumber,High,Senior,20.902385858042937,medium,1
45.54,Factory Worker,Medium,Middle Age,25.737081414967538,medium,2
25.65,Insurance Agent,Medium,Senior,27.465303140978815,medium,2
28.05,Factory Worker,Low,Middle Age,29.60837581270413,medium,1
22.56,Lab Technician,Medium,Middle Age,38.62590401051939,high,1
6.96,Content Writer,Low,Senior,20.06920415224914,low,2
13.04,Doctor,Low,Middle Age,23.92485822306238,low,2
29.08,Marketing Manager,Low,Senior,21.296296296296294,low,2
32.82,Accountant,Medium,Middle Age,40.47900151796256,high,1
36.26,Engineer,Low,Middle Age,22.589551436050055,low,1
22.97,Chef,Medium,Senior,23.120623596247853,low,2
5.64,Plumber,Low,Middle Age,16.224986479177936,medium,2
16.45,Marketing Manager,Low,Middle Age,30.73941661933242,high,2
39.45,Sales Manager,Low,Middle Age,16.302378939741576,medium,2
17.97,Accountant,Medium,Middle Age,31.644317867172973,high,1
28.16,Architect,Medium,Middle Age,18.49649887699828,medium,1
9.84,Doctor,Medium,Middle Age,24.074074074074073,medium,2
48.7,Sales Manager,High,Senior,27.915518824609737,high,2
3.69,Marketing Manager,Low,Middle Age,19.362472659471475,low,1
36.79,Shop Owner,Low,Middle Age,18.517804097064154,low,2
26.49,Teacher,High,Senior,20.028841531805796,medium,3
24.52,Banker,Medium,Middle Age,31.073540713020815,high,1
25.35,Businessman,Medium,Middle Age,17.343045438779047,medium,1
21.96,Insurance Agent,Low,Middle Age,23.198315069747565,low,3
32.86,Electrician,Low,Middle Age,19.5964581216432,low,2
45.83,Insurance Agent,Low,Middle Age,22.582709172343712,low,2
38.82,Government Employee,Low,Middle Age,20.724837921139336,low,2
34.42,Doctor,Medium,Senior,18.005540166204987,medium,2
15.79,Sales Manager,High,Middle Age,26.577894708582782,high,1
6.35,HR Manager,Low,Middle Age,22.832879346258608,low,2
24.99,HR Manager,High,Middle Age,23.735308416025617,medium,1
38.69,Accountant,High,Middle Age,21.6712580348944,medium,2
32.08,Insurance Agent,High,Senior,30.818540433925047,high,1
27.82,Chef,High,Middle Age,26.291723822588015,high,2
41.86,Government Employee,High,Middle Age,21.461936624163616,medium,2
39.08,Doctor,Low,Middle Age,23.92242299970097,low,2
44.5,Doctor,High,Middle Age,34.54734651404786,high,2
2.35,Doctor,Medium,Senior,18.407596785975162,medium,2
4.27,Pharmacist,High,Senior,25.61728395061728,high,2
44.02,Lawyer,Medium,Senior,13.850415512465375,medium,2
14.1,Driver,Medium,Middle Age,14.833985607877793,high,1
42.88,Consultant,Low,Middle Age,19.918367346938776,low,1
38.56,Sales Manager,High,Senior,34.889853543754306,high,2
36.91,Chef,Low,Middle Age,21.827744904667984,low,1
45.44,Pharmacist,High,Senior,25.402816083611555,high,1
5.53,Insurance Agent,Medium,Senior,18.90359168241966,low,1
15.4,Factory Worker,Low,Middle Age,23.66691015339664,low,2
30.06,Electrician,High,Middle Age,15.826092149661081,high,2
21.7,Nurse,Low,Middle Age,28.40818411056848,medium,1
31.26,Businessman,Medium,Middle Age,29.065926806711587,medium,2
40.57,Electrician,Medium,Senior,28.19692120103642,medium,3
41.33,Software Engineer,High,Senior,28.305995064595734,high,2
34.32,Civil Servant,Medium,Middle Age,26.014568158168572,medium,2
13.31,Chef,Low,Middle Age,26.638917793964616,medium,2
44.05,HR Manager,Medium,Middle Age,18.832391713747644,low,2
8.67,Engineer,Low,Middle Age,27.43484224965706,medium,2
8.2,Factory Worker,Low,Senior,21.04981790236894,low,2
8.75,Carpenter,High,Senior,20.109164033323754,medium,2
31.14,Shop Owner,High,Senior,33.62208773387128,high,2
15.03,Lab Technician,Low,Senior,24.933720489837143,medium,1
3.28,Content Writer,Low,Senior,21.929223431375238,low,3
5.05,HR Manager,Low,Middle Age,41.333333333333336,high,1
49.93,Real Estate Agent,Medium,Senior,25.71100826707804,medium,1
23.99,Sales Manager,Low,Middle Age,34.67459228776101,high,2
17.25,Pharmacist,Medium,Middle Age,24.653739612188367,medium,2
19.09,Electrician,Low,Middle Age,21.77777777777778,low,1
45.66,Banker,Medium,Middle Age,33.91003460207613,high,2
22.33,Engineer,Medium,Middle Age,28.082170873904946,medium,2
33.27,Teacher,High,Senior,23.449340844748203,medium,1
40.87,Software Engineer,Low,Middle Age,23.555555555555557,low,2
47.94,Banker,High,Middle Age,17.043302613306402,high,2
28.61,Carpenter,Medium,Senior,20.088275237664103,low,2
27.14,Pharmacist,Medium,Senior,28.731921487603305,medium,2
30.77,Electrician,Medium,Senior,26.753212578395683,medium,1
36.39,Insurance Agent,Medium,Middle Age,20.177148524332274,low,1
25.11,Driver,High,Senior,30.116002379535995,high,2
49.33,Doctor,Medium,Middle Age,28.39506172839506,medium,2
16.64,Driver,High,Senior,15.942183016261028,high,1
12.15,Sales Manager,Low,Middle Age,18.49112426035503,medium,1
49.26,Chef,Medium,Middle Age,23.12406058503873,medium,1
41.44,Insurance Agent,Medium,Senior,19.159827275586945,low,1
49.56,Pharmacist,Low,Middle Age,28.310789556464293,medium,2
23.76,Banker,Medium,Senior,15.91695501730104,medium,2
44.5,Retail Manager,Medium,Middle Age,16.60899653979239,medium,3
29.76,Government Employee,Medium,Middle Age,23.450918219051392,medium,1
23.28,Lawyer,Medium,Senior,33.792470156106525,high,1
8.7,Doctor,High,Senior,19.157088122605362,medium,2
42.82,Factory Worker,Medium,Senior,17.783249546869126,medium,3
45.48,Software Engineer,Low,Middle Age,22.15910864205237,low,2
36.38,Electrician,High,Senior,24.187046492878256,medium,1
14.53,Civil Servant,Medium,Middle Age,28.721121070571897,medium,2
17.31,Pharmacist,Low,Middle Age,36.19875019051973,high,2
29.17,Content Writer,High,Senior,34.67459228776101,high,2
21.89,Nurse,Medium,Senior,24.31412396574249,low,2
15.37,Sales Manager,Low,Middle Age,24.691358024691358,low,1
17.23,Plumber,Medium,Senior,18.25310978907518,medium,2
17.16,Lab Technician,Low,Middle Age,27.714789619551524,medium,2
7.65,Retail Manager,Low,Middle Age,24.560326301478007,low,2
22.96,Doctor,Medium,Middle Age,37.27906670760054,high,2
25.48,Marketing Manager,Medium,Senior,22.386314277122523,low,2
48.6,Marketing Manager,Medium,Middle Age,30.043262297708697,high,2
23.24,Pharmacist,Medium,Senior,28.621470374642232,medium,1
26.15,Retail Manager,High,Middle Age,30.48668503213958,high,1
39.13,Pharmacist,Medium,Middle Age,26.365603028664147,medium,2
35.2,Insurance Agent,Medium,Middle Age,27.776910832995224,medium,2
39.94,Electrician,Low,Middle Age,20.1459051921492,low,2
35.83,HR Manager,Medium,Middle Age,18.749999999999996,medium,2
6.19,Content Writer,Medium,Middle Age,26.106562240417702,medium,2
2.51,Doctor,Medium,Senior,27.777777777777775,medium,2
4.49,Real Estate Agent,Low,Middle Age,14.990138067061144,medium,2
46.6,Civil Servant,Low,Senior,19.918367346938776,low,1
4.86,Lawyer,Low,Senior,24.12214577451276,low,1
42.34,Architect,High,Middle Age,33.320517749583495,high,2
14.94,Pharmacist,Medium,Middle Age,22.985397512168742,medium,3
7.1,Pharmacist,Medium,Senior,25.876058067628612,medium,2
5.19,Lawyer,High,Middle Age,26.035502958579883,high,2
33.52,Marketing Manager,Medium,Senior,19.223375624759708,low,2
20.63,Banker,Medium,Senior,15.780835753061481,medium,2
17.89,Retail Manager,High,Middle Age,26.59279778393352,high,2
40.76,Chef,Medium,Senior,17.36111111111111,medium,1
43.08,Shop Owner,Medium,Middle Age,23.889462809917354,medium,2
29.93,Architect,Low,Senior,22.353714661406972,low,1
39.03,Banker,High,Senior,33.6727656294373,high,1
22.65,Sales Manager,Medium,Middle Age,16.037956497043,medium,1
26.67,Chef,High,Senior,27.041644131963228,high,3
12.23,Sales Manager,Medium,Middle Age,17.509962564907617,high,2
40.6,Nurse,Medium,Senior,28.08626033057851,medium,2
49.54,Nurse,Medium,Middle Age,15.117157974300833,medium,1
38.37,Doctor,High,Senior,22.305470559638533,medium,1
8.29,Architect,Medium,Middle Age,13.01944946327984,high,1
18.93,Teacher,Medium,Middle Age,23.046874999999996,medium,3
19.54,Civil Servant,Low,Middle Age,27.639801313892,medium,2
25.12,Government Employee,Low,Middle Age,19.94459833795014,low,1
11.28,Nurse,High,Middle Age,23.046874999999996,medium,2
31.88,Nurse,Medium,Middle Age,24.898143956541425,medium,2
36.28,Real Estate Agent,High,Middle Age,26.588750913075234,medium,1
36.16,Content Writer,High,Senior,26.643598615916957,medium,1
16.96,Driver,Medium,Senior,13.154715562833902,medium,1
42.36,Electrician,Medium,Middle Age,13.675213675213676,medium,2
45.07,Government Employee,High,Senior,32.87310979618672,high,2
36.21,Software Engineer,High,Middle Age,29.025311319871417,high,1
33.97,Insurance Agent,High,Senior,19.15158479364167,medium,2
48.39,Lawyer,Medium,Senior,20.429418362441915,medium,3
37.58,Consultant,Low,Middle Age,18.25631871475516,medium,2
6.99,Driver,High,Middle Age,21.192742415229034,medium,2
43.12,Pharmacist,Medium,Middle Age,30.071168431955627,high,2
14.45,Consultant,Low,Middle Age,37.97318144060757,high,2
23.8,Banker,Medium,Senior,27.85200797922391,medium,1
37.71,Civil Servant,Low,Middle Age,24.840980089578082,low,1
43.74,Consultant,Low,Middle Age,27.390918560240728,medium,2
44.12,Doctor,High,Senior,39.12591050988553,high,1
12.15,Accountant,Medium,Middle Age,28.075042938300964,medium,2
20.43,Lab Technician,High,Middle Age,15.733506944444445,high,1
20.75,Factory Worker,Medium,Senior,24.088223117166624,low,2
13.45,Carpenter,Low,Middle Age,17.319119710949863,medium,2
36.81,Carpenter,High,Senior,31.95592286501378,high,2
7.88,Insurance Agent,Low,Senior,23.299799895836188,low,2
3.6,Plumber,Low,Middle Age,20.61925365062196,low,2
41.98,Architect,High,Middle Age,17.110020661157026,high,2
46.27,Real Estate Agent,Low,Middle Age,29.065926806711587,medium,3
37.15,Doctor,Medium,Middle Age,27.281746031746035,medium,2
44.79,Civil Servant,Medium,Middle Age,17.81185847119913,medium,2
7.46,Lab Technician,Low,Middle Age,26.54320987654321,medium,2
15.47,Sales Manager,Low,Middle Age,22.67573696145125,low,1
48.03,Consultant,Low,Middle Age,17.398736302310674,medium,2
26.85,Shop Owner,Low,Middle Age,20.28479857195018,low,2
23.98,Lab Technician,High,Middle Age,32.44444444444444,high,2
47.92,Content Writer,Low,Middle Age,15.397105344195293,medium,2
14.13,Software Engineer,Low,Middle Age,22.47120876377142,low,1
11.41,Shop Owner,Low,Middle Age,35.0765306122449,high,2
6.65,Real Estate Agent,Low,Middle Age,17.28395061728395,medium,1
28.04,Content Writer,Medium,Senior,26.027582477014604,medium,2
25.22,Retail Manager,Low,Middle Age,17.617725223207618,medium,1
35.71,Electrician,Medium,Senior,18.991964937910883,low,2
3.4,Chef,Low,Middle Age,22.942130453700404,low,2
43.72,Lawyer,High,Middle Age,26.89232313815483,high,2
12.6,Nurse,Medium,Middle Age,27.44059917355372,high,1
45.59,Content Writer,Medium,Senior,26.315068117650284,medium,1
41.81,Shop Owner,Medium,Middle Age,31.88775510204082,high,1
35.58,Doctor,Medium,Middle Age,14.682881675125282,medium,1
5.82,Shop Owner,High,Middle Age,33.29864724245577,high,2
39.79,Real Estate Agent,Medium,Senior,41.207075962539015,high,1
29.78,Marketing Manager,High,Middle Age,17.21108680841909,high,2
46.53,Factory Worker,High,Middle Age,30.040816326530614,high,3
45.34,HR Manager,Medium,Senior,21.78649237472767,low,1
14.87,Accountant,Low,Middle Age,17.959183673469386,medium,2
7.87,Shop Owner,Low,Middle Age,25.280109859242845,medium,2
24.54,Lawyer,Medium,Senior,25.63691716071142,medium,2
26.8,Marketing Manager,High,Senior,30.853209920493647,high,1
13.08,Data Analyst,High,Middle Age,32.0,high,3
13.56,Real Estate Agent,High,Senior,22.857142857142858,medium,2
40.39,Retail Manager,Low,Middle Age,26.88095170007721,medium,2
3.33,Banker,Medium,Middle Age,26.03889892655968,high,2
36.57,Banker,High,Middle Age,26.564344746162927,high,2
20.15,Software Engineer,Medium,Middle Age,12.886259040105195,medium,2
20.74,Consultant,Medium,Middle Age,30.48315805517451,high,1
3.28,Data Analyst,Medium,Senior,25.195263290501387,medium,2
7.61,Lawyer,Low,Senior,19.045073340238563,low,2
29.8,Retail Manager,Medium,Senior,19.01944209636517,low,2
45.48,Businessman,Medium,Middle Age,21.98989236526368,medium,2
11.96,Civil Servant,Low,Middle Age,19.675166853130666,low,3
19.74,Software Engineer,High,Middle Age,25.057360222195385,high,1
3.04,Factory Worker,Low,Middle Age,24.56931437160365,low,2
13.43,Plumber,Medium,Middle Age,37.10575139146568,high,1
23.21,Shop Owner,Medium,Middle Age,28.668892437218755,medium,2
17.97,Driver,High,Middle Age,34.62603878116344,high,2
27.17,Software Engineer,High,Middle Age,26.303618915481554,high,2
36.39,Real Estate Agent,Medium,Senior,25.689561925365066,medium,2
16.12,Plumber,Medium,Senior,29.06879615089044,medium,2
15.48,Electrician,Low,Middle Age,20.549886621315196,low,2
31.52,Carpenter,Low,Middle Age,29.069767441860467,medium,1
11.07,Marketing Manager,High,Senior,28.075042938300964,high,1
46.49,Content Writer,Low,Middle Age,24.34960912469563,low,3
41.34,Engineer,High,Senior,25.536703601108034,high,1
12.88,Lab Technician,Medium,Middle Age,26.038781163434905,high,2
15.23,Pharmacist,High,Middle Age,31.40766480670921,high,2
40.43,Banker,Low,Middle Age,18.864916569242215,low,2
23.83,Software Engineer,Medium,Middle Age,31.249999999999993,high,2
8.7,Retail Manager,Medium,Middle Age,17.09927841045108,high,2
40.8,Doctor,Low,Middle Age,20.58966513197403,low,2
45.8,Pharmacist,Low,Middle Age,20.679012345679013,low,2
25.78,Architect,Medium,Middle Age,31.37798916633637,high,1
43.07,Civil Servant,Low,Middle Age,16.070124178232284,medium,2
2.01,Insurance Agent,Medium,Senior,35.43667123914037,high,1
24.56,Nurse,High,Senior,15.495867768595042,high,2
26.6,Marketing Manager,High,Middle Age,25.476660092044707,high,2
10.81,Plumber,Medium,Middle Age,18.069727891156464,high,1
4.94,Electrician,Medium,Senior,19.834710743801654,medium,2
21.28,Driver,Medium,Senior,18.376825152861773,medium,2
4.85,HR Manager,Medium,Middle Age,30.461118308182492,high,2
35.97,Carpenter,High,Middle Age,19.28937926777516,medium,2
37.41,Driver,Medium,Middle Age,30.778701138811947,high,1
13.17,Banker,High,Middle Age,15.442248848980523,high,2
13.76,Chef,Medium,Middle Age,33.70504499982072,high,1
11.38,Nurse,Medium,Middle Age,15.839351391983678,high,1
5.4,Retail Manager,Medium,Middle Age,20.37037037037037,medium,2
27.4,Marketing Manager,Medium,Middle Age,24.720578566732414,medium,2
9.69,Chef,Low,Middle Age,27.44454504300589,medium,2
10.99,Government Employee,High,Middle Age,16.937031879257784,high,1
6.16,Accountant,Low,Middle Age,19.230182228869694,low,2
5.89,Insurance Agent,High,Senior,32.326530612244895,high,1
11.59,Consultant,High,Senior,16.787190082644628,high,2
8.19,Chef,Medium,Middle Age,21.06674327300584,medium,1
5.89,Driver,Medium,Senior,27.09925100681245,medium,2
15.19,Electrician,High,Middle Age,36.39096554724892,high,1
25.34,Chef,Medium,Senior,31.626276482243554,high,1
12.33,Pharmacist,Low,Middle Age,25.207756232686982,medium,2
44.99,Electrician,High,Senior,34.838147771810135,high,1
37.8,Insurance Agent,Medium,Middle Age,34.602076124567475,high,2
19.19,Pharmacist,Low,Senior,19.493177387914233,low,2
36.02,Insurance Agent,High,Middle Age,25.680074054167036,high,2
33.12,Driver,Medium,Middle Age,37.71764396298408,high,1
27.05,Electrician,Low,Senior,22.308149910767405,low,2
10.14,Content Writer,High,Senior,28.39506172839506,high,2
6.27,Factory Worker,High,Senior,26.674874320303687,high,2
11.45,Accountant,High,Middle Age,28.08626033057851,high,3
5.25,Real Estate Agent,Medium,Middle Age,23.04002019946976,low,1
24.57,Software Engineer,Medium,Senior,34.20582986317669,high,2
49.19,Content Writer,High,Middle Age,25.475210660395845,high,2
4.93,Teacher,Low,Middle Age,31.975014872099948,high,2
48.82,Software Engineer,Low,Senior,21.29529475392104,low,2
31.18,Data Analyst,High,Senior,19.113573407202217,medium,2
33.13,Civil Servant,High,Senior,26.674874320303687,high,1
25.27,Marketing Manager,Low,Middle Age,24.543462381300216,low,2
25.03,Carpenter,Medium,Senior,25.97867956642479,medium,1
23.21,Doctor,Low,Senior,14.177693761814744,medium,2
36.69,Lawyer,High,Middle Age,12.609303473040761,high,3
29.42,Carpenter,High,Senior,29.069767441860467,high,2
29.22,Retail Manager,High,Senior,25.97867956642479,medium,2
47.47,Retail Manager,Medium,Senior,12.883418765932952,medium,2
2.47,Consultant,Medium,Middle Age,25.06574621959237,high,2
42.78,Marketing Manager,Low,Middle Age,23.198315069747565,low,2
27.07,Accountant,Medium,Senior,19.80251736111111,low,2
49.4,Insurance Agent,High,Senior,22.656249999999996,medium,2
20.63,Plumber,Medium,Senior,29.667971215755585,medium,3
40.68,Government Employee,Medium,Senior,24.88888888888889,low,1
19.1,Doctor,Medium,Senior,29.968782518210194,high,2
5.2,Consultant,High,Senior,21.874999999999996,medium,2
3.58,Civil Servant,Low,Middle Age,18.75647378292881,low,2
42.71,Banker,High,Senior,32.44444444444444,high,2
5.08,Banker,Low,Middle Age,27.13141179099237,medium,2
7.5,Retail Manager,Low,Middle Age,16.975308641975307,medium,2
25.59,Consultant,Medium,Middle Age,23.147255121330193,medium,2
22.02,Electrician,High,Middle Age,21.787650122223404,medium,2
41.05,Government Employee,Low,Middle Age,13.72644342131602,medium,2
36.48,Government Employee,Medium,Senior,23.140495867768596,low,2
19.05,HR Manager,Medium,Senior,16.528925619834713,medium,2
46.12,Banker,Medium,Middle Age,24.031709372366656,medium,2
30.82,Consultant,Low,Middle Age,18.717447916666668,low,1
23.21,Shop Owner,High,Middle Age,31.435911303407252,high,2
4.34,Businessman,Low,Middle Age,29.721079103795148,medium,2
26.61,Lawyer,High,Senior,34.11235302656409,high,2
46.19,Software Engineer,Medium,Senior,25.86451247165533,medium,2
37.57,Software Engineer,High,Senior,19.62826470116968,medium,2
34.87,Data Analyst,Medium,Middle Age,34.37499999999999,high,2
37.67,Accountant,Medium,Middle Age,32.38835543362292,high,1
47.48,Shop Owner,Medium,Senior,28.40111107643332,medium,2
11.57,Shop Owner,Medium,Middle Age,19.377162629757787,medium,2
27.57,Nurse,Medium,Senior,29.968782518210194,high,2
15.77,Doctor,Low,Middle Age,28.731921487603305,medium,2
28.19,Businessman,Medium,Middle Age,19.597841552793366,medium,2
26.9,Retail Manager,Medium,Middle Age,24.034609838166958,low,1
32.0,Plumber,Low,Senior,23.98687034465345,low,2
14.82,Engineer,Low,Middle Age,35.99541157390926,high,1
22.72,Engineer,High,Senior,27.170771187420506,high,2
20.88,Accountant,High,Senior,15.030639380275174,high,3
17.42,Retail Manager,High,Middle Age,30.555555555555554,high,2
45.69,Shop Owner,Medium,Senior,17.509962564907617,medium,3
11.94,Teacher,Low,Middle Age,19.94459833795014,low,3
22.9,Pharmacist,Medium,Middle Age,25.876058067628612,medium,1
2.04,Pharmacist,Low,Middle Age,25.05930702662969,medium,1
28.51,Pharmacist,High,Middle Age,13.58080579447714,high,2
22.44,Plumber,Low,Middle Age,23.600260416666668,low,2
34.24,Lawyer,Medium,Senior,34.62682073092702,high,2
21.11,Driver,Medium,Senior,14.518368892816563,medium,2
38.98,Content Writer,High,Middle Age,25.876058067628612,high,1
33.56,Lawyer,Medium,Senior,13.007284079084286,medium,2
19.55,HR Manager,Medium,Middle Age,28.44095497516423,high,2
38.1,Lawyer,Medium,Middle Age,32.95068027210885,high,2
25.65,Real Estate Agent,High,Middle Age,26.149276859504134,high,2
48.76,Real Estate Agent,Low,Middle Age,22.25690831309978,low,1
19.71,Electrician,High,Middle Age,37.25364524915878,high,2
30.29,Consultant,Medium,Senior,27.166919271354622,medium,1
26.44,Civil Servant,Low,Middle Age,28.398718000730252,medium,2
13.16,Software Engineer,Medium,Middle Age,34.449607434705975,high,2
26.57,Architect,High,Middle Age,17.531044558071585,high,2
30.0,Software Engineer,Low,Middle Age,19.37919743392696,low,2
48.79,Real Estate Agent,Medium,Middle Age,25.165146272412706,medium,2
28.94,Accountant,Medium,Senior,15.495867768595042,medium,2
10.12,HR Manager,High,Senior,28.841531805800347,high,2
38.89,Data Analyst,Medium,Senior,26.87867813490267,medium,2
17.87,Marketing Manager,High,Middle Age,29.094282341035587,high,2
25.5,Carpenter,Medium,Senior,18.559556786703602,low,1
3.3,Nurse,High,Senior,33.564013840830455,high,2
11.26,Pharmacist,High,Middle Age,38.01956512452475,high,2
8.93,Sales Manager,Medium,Middle Age,31.246054791061734,high,2
38.92,Sales Manager,Medium,Senior,28.076319285110493,medium,2
24.77,HR Manager,Medium,Middle Age,30.80124869927159,high,2
38.25,Retail Manager,High,Senior,22.600262984878366,medium,2
22.8,Retail Manager,High,Senior,40.16390117246136,high,2
33.99,Data Analyst,High,Senior,30.864197530864192,high,2
6.4,Data Analyst,Medium,Middle Age,17.165506694547613,medium,2
21.89,Government Employee,Low,Middle Age,24.43018604526296,low,1
22.23,Real Estate Agent,Medium,Middle Age,19.667590027700832,medium,2
19.46,Government Employee,Low,Middle Age,18.413907181423802,medium,2
39.76,HR Manager,Medium,Middle Age,29.03178980984178,medium,2
37.08,Teacher,Low,Senior,16.298185941043087,medium,2
33.86,Engineer,Low,Middle Age,19.333729922665082,low,1
5.56,Pharmacist,High,Senior,16.62049861495845,high,1
3.65,Software Engineer,Low,Middle Age,20.312499999999996,low,1
14.82,Retail Manager,High,Senior,20.796729893506402,medium,2
43.35,Retail Manager,Low,Middle Age,22.530864197530864,low,1
12.99,Real Estate Agent,Medium,Middle Age,20.70081674131507,medium,3
36.98,Software Engineer,High,Middle Age,26.309016557522373,high,2
24.05,Consultant,Medium,Senior,19.81784449316917,low,2
13.24,Engineer,High,Middle Age,36.43664485425343,high,2
46.66,Doctor,High,Senior,21.70138888888889,medium,1
44.87,Plumber,Medium,Middle Age,34.67459228776101,high,2
21.91,Lab Technician,High,Senior,29.642685467072578,high,1
31.84,Nurse,Medium,Senior,27.94214332675871,medium,1
33.37,Pharmacist,Low,Middle Age,20.512820512820515,low,1
15.21,Teacher,Low,Middle Age,30.22222222222222,high,1
22.28,Lab Technician,Medium,Middle Age,19.1107527844964,low,2
7.54,Nurse,Medium,Senior,16.516894823773132,medium,3
49.44,Retail Manager,Low,Middle Age,28.326580372189753,medium,1
24.03,Chef,Low,Middle Age,16.721032866423617,medium,2
22.35,Government Employee,Medium,Senior,20.5456936226167,low,1
21.12,Driver,High,Senior,33.59374999999999,high,1
7.81,Shop Owner,Low,Middle Age,15.346938775510203,medium,1
4.84,Content Writer,Medium,Senior,19.159827275586945,medium,1
5.39,Driver,Low,Middle Age,29.17488494411571,medium,2
7.51,Pharmacist,Medium,Senior,26.56683975365294,medium,2
6.47,Accountant,Low,Senior,23.120623596247853,low,1
45.68,Nurse,Medium,Middle Age,23.83300460223537,medium,2
7.11,Nurse,Low,Middle Age,15.605006085952374,medium,2
36.19,Carpenter,High,Senior,26.59266967279454,high,2
30.47,Architect,Medium,Middle Age,37.49999999999999,high,1
19.38,Architect,Medium,Middle Age,23.08254200146092,low,2
32.13,Businessman,Medium,Middle Age,30.8979120501857,high,2
19.96,Lawyer,Low,Middle Age,26.880934989043094,medium,2
7.13,Banker,Low,Middle Age,31.244992789617044,high,2
23.22,Plumber,Medium,Senior,18.662014686194166,low,2
34.15,Electrician,Low,Middle Age,23.991212856977683,low,1
2.29,Carpenter,Low,Middle Age,27.154894879762605,medium,1
11.36,Teacher,Low,Middle Age,22.8625344752504,low,1
50.0,Retail Manager,High,Middle Age,26.491508201480624,high,1
19.33,Doctor,Medium,Middle Age,24.913494809688583,high,2
9.66,Plumber,High,Senior,37.52740765727779,high,2
13.89,Real Estate Agent,High,Senior,14.693877551020408,high,1
28.81,Pharmacist,Low,Middle Age,15.094795314575533,medium,2
40.52,Lab Technician,Medium,Senior,28.444444444444443,high,2
32.07,Electrician,Medium,Senior,19.81405273586343,low,2
43.55,Driver,Low,Middle Age,19.14672216441207,low,1
38.41,Plumber,High,Senior,23.515579071134628,medium,2
39.74,Lab Technician,High,Senior,31.644317867172973,high,2
16.89,Plumber,Medium,Middle Age,18.513541759980885,medium,3
12.1,Consultant,High,Middle Age,26.44628099173554,high,1
5.29,Banker,Medium,Middle Age,14.356605599076184,high,1
39.42,Chef,Low,Middle Age,18.924941241109856,low,2
40.93,Shop Owner,Medium,Middle Age,21.561909262759922,medium,2
21.17,Content Writer,Medium,Middle Age,38.95429362880886,high,2
36.64,Sales Manager,High,Middle Age,27.141582391433676,high,2
35.98,Government Employee,Low,Middle Age,23.413111342351716,low,1
23.12,Content Writer,High,Middle Age,27.154894879762605,high,2
36.4,Civil Servant,Medium,Middle Age,27.471707127713575,medium,2
29.26,Consultant,High,Senior,20.904195011337873,medium,2
23.59,Teacher,Medium,Middle Age,22.11584222166233,medium,2
17.66,Banker,Low,Middle Age,17.441263978660103,medium,2
18.1,Banker,Medium,Senior,16.305062458908615,medium,1
6.31,Shop Owner,High,Middle Age,33.77044866453226,high,2
10.67,Accountant,Medium,Senior,18.218322427126715,medium,1
9.54,HR Manager,Medium,Senior,30.38710529792575,high,2
32.72,Content Writer,Medium,Middle Age,27.21730294672667,medium,2
18.22,Carpenter,Low,Middle Age,26.365603028664147,medium,2
43.46,Businessman,High,Middle Age,31.435911303407252,high,2
3.4,Driver,Medium,Senior,23.323418063818284,medium,1
46.02,Accountant,Medium,Senior,19.409358296754156,low,1
23.83,Plumber,Medium,Senior,14.6484375,medium,2
40.08,Teacher,High,Middle Age,26.58420138888889,high,1
19.11,Driver,High,Middle Age,28.71321119815237,high,2
5.15,Doctor,Low,Middle Age,22.096807907073963,low,1
46.2,Real Estate Agent,High,Middle Age,26.48553974966893,high,2
5.28,Plumber,Low,Middle Age,16.014183991535358,medium,3
15.22,Retail Manager,Medium,Senior,39.036817882971725,high,2
9.12,Real Estate Agent,Low,Middle Age,15.731336137614994,medium,2
39.52,Electrician,High,Senior,19.233560749020178,medium,2
47.86,Marketing Manager,High,Senior,34.889853543754306,high,2
49.62,Doctor,High,Senior,42.54199377220297,high,2
10.46,Marketing Manager,Low,Middle Age,24.609733700642796,low,1
39.93,Accountant,Low,Middle Age,14.202752177755334,medium,2
40.76,Sales Manager,High,Senior,29.320987654320987,high,2
27.96,Content Writer,High,Senior,26.959840341724732,high,1
35.85,Retail Manager,High,Senior,23.98687034465345,medium,2
3.33,Electrician,Low,Middle Age,24.967113211092915,medium,2
46.73,Real Estate Agent,High,Senior,18.115412710007302,high,2
47.13,Engineer,Low,Middle Age,24.453568409612362,low,2
17.25,Real Estate Agent,Medium,Senior,12.886251979918924,medium,2
11.16,Doctor,Medium,Senior,16.415307274033037,medium,2
45.98,Consultant,Low,Middle Age,21.777553339224845,low,2
18.51,Electrician,Low,Middle Age,17.54337874510019,medium,2
35.53,Accountant,Low,Middle Age,28.964734689002356,medium,2
19.86,HR Manager,Low,Middle Age,14.202752177755334,medium,1
13.66,Engineer,Low,Middle Age,22.51519097222222,low,2
7.49,Banker,Medium,Senior,28.88888888888889,medium,1
26.46,Architect,Low,Middle Age,18.93491124260355,low,1
3.87,Businessman,Low,Senior,19.48696145124717,low,2
24.37,Civil Servant,High,Middle Age,21.62162162162162,medium,2
17.73,Banker,Low,Middle Age,16.224986479177936,medium,2
27.19,Marketing Manager,High,Middle Age,26.588750913075234,high,2
49.24,Civil Servant,Low,Middle Age,23.510204081632654,low,1
46.61,Nurse,Low,Middle Age,22.939750692520775,low,2
8.28,Software Engineer,Low,Senior,19.230182228869694,low,2
35.83,HR Manager,Medium,Middle Age,27.458654210326976,medium,1
4.68,Lawyer,High,Senior,27.968016063681024,high,2
31.99,Sales Manager,High,Senior,27.769797950780426,high,1
2.08,Electrician,Low,Senior,18.559556786703602,low,2
9.64,Software Engineer,Low,Middle Age,21.32943754565376,low,2
43.55,Factory Worker,High,Middle Age,30.961728749720702,high,2
37.05,Architect,Medium,Middle Age,25.029760996306585,medium,2
40.86,Accountant,Medium,Senior,16.049382716049383,medium,1
20.21,Software Engineer,Medium,Middle Age,31.51150169811982,high,2
46.97,Nurse,High,Senior,17.181669306558565,high,1
17.78,Engineer,High,Middle Age,34.449607434705975,high,2
29.6,Insurance Agent,High,Senior,38.85595257170325,high,1
17.72,Marketing Manager,Medium,Senior,33.462224866151104,high,2
9.41,Consultant,Low,Middle Age,15.673469387755102,medium,2
21.58,Civil Servant,Medium,Senior,27.77031263997133,medium,2
23.47,Electrician,Low,Senior,39.111111111111114,high,2
33.78,Real Estate Agent,Medium,Senior,32.34681737061273,high,1
39.48,Doctor,High,Senior,26.82742078020452,high,2
28.81,Engineer,Low,Senior,21.35930624973301,low,2
18.22,Software Engineer,Low,Middle Age,21.329639889196677,low,3
21.49,Consultant,Medium,Senior,20.832529609197174,low,2
31.21,Lawyer,High,Middle Age,27.44059917355372,high,3
19.86,Driver,High,Senior,26.43807082198365,high,2
18.03,Software Engineer,Low,Middle Age,26.22268470343392,medium,1
40.41,Insurance Agent,Medium,Middle Age,34.25044224472129,high,1
37.72,Civil Servant,Low,Middle Age,21.329639889196677,low,2
23.52,Chef,Medium,Senior,31.611773249604852,high,1
14.02,Banker,High,Senior,29.402920244578837,high,1
49.13,Sales Manager,Low,Middle Age,22.47745401715962,low,1
34.39,Sales Manager,Low,Senior,21.0372534696859,low,2
41.56,Carpenter,Medium,Senior,25.640242971826257,medium,1
20.35,Software Engineer,Medium,Middle Age,26.769779892920884,medium,2
44.58,Accountant,Medium,Middle Age,36.571334648257725,high,2
3.15,Civil Servant,Medium,Middle Age,29.93827160493827,high,2
31.65,Software Engineer,Low,Middle Age,14.473062381852552,medium,2
24.13,Software Engineer,Low,Middle Age,25.236340330075304,medium,2
9.77,Accountant,Medium,Senior,25.770399305555557,medium,2
42.0,Civil Servant,Medium,Middle Age,35.492457852706295,high,1
9.8,Plumber,Low,Middle Age,13.735853563856788,medium,1
13.89,Software Engineer,Low,Middle Age,20.940159467368254,low,3
13.14,Accountant,Low,Senior,23.011176857330703,low,1
43.4,Carpenter,High,Senior,19.462185795345523,medium,1
16.78,Factory Worker,Medium,Middle Age,33.386558281318045,high,2
9.2,Plumber,Medium,Senior,32.46753246753247,high,2
6.55,Marketing Manager,Low,Middle Age,27.738854413909458,medium,2
38.21,Lawyer,Low,Middle Age,28.997893837184456,medium,2
11.87,Architect,Medium,Senior,16.8310322156476,medium,3
49.17,Chef,High,Senior,28.959000152415786,high,2
8.05,HR Manager,Medium,Senior,28.731921487603305,medium,1
34.88,Teacher,High,Senior,28.326974216672443,high,2
35.96,Data Analyst,Low,Middle Age,25.057360222195385,medium,1
15.7,Plumber,Medium,Senior,16.897506925207757,medium,2
34.99,Pharmacist,Low,Middle Age,16.693073789044817,medium,3
17.64,Software Engineer,Low,Middle Age,18.209876543209877,medium,2
40.31,Carpenter,Medium,Senior,21.7784352399737,low,1
23.39,Government Employee,Medium,Middle Age,20.56880661366243,medium,2
33.84,Driver,Medium,Senior,28.44095497516423,medium,2
31.51,Electrician,Medium,Senior,13.81655861409289,medium,1
20.63,Sales Manager,Medium,Senior,15.156281277703107,medium,3
12.93,Lab Technician,Medium,Middle Age,21.50294250792214,medium,1
18.93,Plumber,Medium,Senior,15.495867768595042,medium,2
45.79,Architect,Medium,Senior,24.879178701135288,low,1
5.09,Nurse,Medium,Senior,25.507492826017643,medium,1
2.81,Architect,Medium,Senior,20.322252866889244,medium,2
33.3,Lab Technician,Medium,Middle Age,35.693039857227845,high,2
2.03,Software Engineer,Medium,Senior,18.645344042454013,medium,1
45.01,Data Analyst,Low,Middle Age,16.037956497043,medium,1
49.27,Lab Technician,Low,Middle Age,27.531229454306374,medium,2
24.96,Government Employee,Low,Senior,42.103416516819436,high,2
26.44,Civil Servant,Medium,Middle Age,16.362308254200144,medium,2
9.57,Factory Worker,Medium,Middle Age,22.944088878154812,medium,1
13.93,Government Employee,Medium,Middle Age,21.97265625,medium,1
39.98,Software Engineer,Medium,Middle Age,12.34932481408897,medium,2
18.07,Software Engineer,Medium,Senior,20.23950075898128,low,2
30.85,Government Employee,Medium,Middle Age,23.80869017191275,medium,2
24.74,Banker,Low,Middle Age,19.14672216441207,low,1
3.51,Real Estate Agent,Low,Middle Age,25.876058067628612,medium,1
21.17,Lab Technician,High,Senior,27.143037495265748,medium,2
10.58,Insurance Agent,High,Middle Age,33.53147386069196,high,1
9.76,Marketing Manager,High,Middle Age,31.37798916633637,high,1
3.22,Shop Owner,Low,Middle Age,13.440475850038604,medium,2
31.59,Software Engineer,Low,Senior,20.1934318205973,low,2
8.09,Driver,Low,Middle Age,13.423179145748879,medium,2
28.64,Sales Manager,Low,Middle Age,18.333510468700183,medium,1
25.36,Plumber,Medium,Senior,22.351742870076958,low,2
23.16,Insurance Agent,High,Senior,17.17532038578412,high,2
39.88,Teacher,High,Middle Age,15.527486637403324,high,2
9.79,Doctor,Low,Senior,18.717447916666668,low,1
43.97,Real Estate Agent,Medium,Middle Age,20.65754000210077,medium,2
11.76,Civil Servant,Medium,Senior,30.864197530864192,high,2
43.42,Engineer,Low,Middle Age,19.382144693643447,low,2
33.37,Real Estate Agent,High,Middle Age,18.359374999999996,medium,1
37.12,Nurse,Medium,Middle Age,29.585798816568044,medium,2
31.76,Plumber,Medium,Middle Age,24.088223117166624,medium,2
15.17,Doctor,High,Middle Age,13.157526385039613,high,3
3.49,Data Analyst,Low,Senior,22.34029706557179,low,2
6.78,Engineer,Medium,Middle Age,19.100091827364558,medium,1
49.11,Electrician,Medium,Senior,18.730489073881373,low,1
12.92,Driver,High,Middle Age,30.80124869927159,high,2
15.55,Pharmacist,Medium,Senior,25.420014609203797,medium,2
22.29,Civil Servant,Medium,Middle Age,14.609203798392986,medium,3
48.54,Businessman,High,Senior,23.48347668628339,medium,2
16.73,HR Manager,Low,Senior,23.38868655818771,low,1
7.45,Marketing Manager,Low,Middle Age,18.717546190073662,low,3
42.39,Government Employee,Medium,Middle Age,13.423179145748879,medium,1
16.67,Driver,Medium,Senior,14.527376033057852,medium,1
30.49,Insurance Agent,Low,Middle Age,18.513541759980885,low,2
37.44,Consultant,High,Middle Age,37.80718336483932,high,2
26.71,Chef,Medium,Senior,27.15271058955713,medium,1
24.66,Driver,Medium,Middle Age,24.88888888888889,medium,2
40.93,Accountant,High,Middle Age,26.83864765261977,high,3
38.24,Nurse,Low,Middle Age,18.818924310286427,low,3
19.97,Pharmacist,Medium,Senior,17.31341036546351,medium,2
39.03,Sales Manager,Medium,Middle Age,26.562499999999996,medium,1
5.97,Architect,High,Senior,13.29633483639727,high,2
34.65,Chef,High,Middle Age,28.997893837184456,high,1
7.22,Data Analyst,Low,Middle Age,20.085066162570886,low,1
14.79,Retail Manager,Medium,Senior,25.18107741059303,medium,1
37.5,Doctor,Low,Middle Age,17.70397729007051,medium,2
48.01,Content Writer,High,Middle Age,27.70083102493075,high,3
13.41,Driver,Medium,Senior,26.175194521137367,medium,2
37.36,Insurance Agent,Medium,Senior,21.007667798746546,low,2
48.58,Sales Manager,Low,Middle Age,19.060914386963407,low,2
40.98,Banker,Low,Middle Age,20.478266613819528,low,2
16.59,Civil Servant,Medium,Middle Age,24.343809494085704,medium,1
5.84,Insurance Agent,Low,Middle Age,39.35250922958335,high,2
3.15,Teacher,Low,Senior,20.77580539119001,low,1
41.88,Teacher,Low,Middle Age,18.619700253350018,medium,1
33.44,Shop Owner,High,Senior,19.252619618735007,medium,2
26.59,Data Analyst,Medium,Middle Age,32.79194475521777,high,2
7.4,Lawyer,Low,Middle Age,15.346938775510203,medium,1
10.73,Doctor,Medium,Middle Age,16.410140334993212,medium,2
38.73,Lawyer,Medium,Middle Age,13.007284079084286,medium,1
39.62,Retail Manager,High,Senior,16.17777235127133,high,1
2.24,Teacher,Medium,Senior,16.59804015448945,high,2
40.18,Lawyer,High,Middle Age,31.217481789802285,high,2
38.33,Businessman,Medium,Senior,27.60945175517229,medium,2
33.9,Plumber,Medium,Middle Age,34.889853543754306,high,2
15.93,Consultant,Low,Middle Age,14.37717013888889,medium,1
46.82,Nurse,High,Middle Age,32.38835543362292,high,2
25.65,Nurse,Low,Senior,20.576131687242793,low,2
46.08,Accountant,Medium,Senior,20.820939916716245,low,2
47.24,Driver,Low,Middle Age,21.745550216113184,low,1
6.4,Civil Servant,High,Middle Age,17.8359096313912,high,2
4.79,Pharmacist,Medium,Middle Age,21.874999999999996,medium,2
20.73,Plumber,High,Senior,32.488628979857054,high,3
32.77,Factory Worker,High,Middle Age,17.361111111111114,high,1
28.99,Lawyer,Low,Middle Age,22.353714661406972,low,2
12.21,Banker,Medium,Middle Age,26.564344746162927,medium,2
6.3,Real Estate Agent,High,Senior,19.81784449316917,medium,1
33.97,Insurance Agent,Low,Middle Age,22.666666666666668,low,1
15.02,Marketing Manager,Low,Senior,16.721032866423617,medium,1
19.01,Carpenter,Low,Senior,21.9671201814059,low,1
47.28,Sales Manager,High,Middle Age,16.0,high,2
16.3,Software Engineer,Low,Middle Age,15.548945375878855,medium,2
18.22,Plumber,Low,Middle Age,20.940159467368254,low,2
7.79,Doctor,Medium,Senior,30.991735537190085,high,1
36.91,Architect,Low,Senior,24.435186668803073,low,1
5.74,Pharmacist,Low,Senior,18.68512110726644,low,1
17.8,Software Engineer,High,Middle Age,27.548209366391188,high,2
33.74,Consultant,Medium,Middle Age,37.460978147762745,high,1
40.03,Shop Owner,Medium,Senior,35.54687499999999,high,3
45.87,Plumber,High,Middle Age,12.465373961218837,high,2
29.64,Chef,Medium,Middle Age,14.127423822714682,medium,1
22.15,HR Manager,High,Senior,18.717546190073662,medium,1
17.71,Marketing Manager,Medium,Middle Age,23.507805325987146,medium,2
29.75,Accountant,High,Middle Age,13.72644342131602,high,1
9.21,Software Engineer,Low,Middle Age,24.441802087462015,low,2
39.59,Lawyer,Medium,Senior,17.578124999999996,medium,2
26.38,Businessman,High,Senior,27.358845456721728,high,1
14.4,Retail Manager,Low,Senior,23.11111111111111,low,2
47.22,Content Writer,Medium,Middle Age,17.398736302310674,medium,1
18.32,Factory Worker,High,Senior,18.792450804048432,medium,2
12.49,Consultant,High,Senior,16.17777235127133,high,2
29.2,Businessman,Medium,Senior,24.280263614290668,low,1
5.18,Government Employee,Low,Middle Age,26.595744680851066,medium,2
43.03,Nurse,High,Senior,30.757400999615534,high,2
3.14,Businessman,High,Senior,25.50361570247934,high,2
33.61,Accountant,Medium,Middle Age,28.344671201814062,medium,1
22.4,Retail Manager,Medium,Senior,16.358024691358022,medium,1
17.38,Real Estate Agent,Low,Middle Age,26.218820861678008,high,1
30.92,Doctor,Low,Middle Age,24.609374999999996,low,2
45.32,Plumber,Medium,Senior,12.47829861111111,medium,2
38.16,Software Engineer,Medium,Middle Age,18.902038132807363,medium,3
36.41,Banker,Medium,Senior,26.89232313815483,medium,2
10.81,Architect,Low,Middle Age,32.01613964299811,high,1
46.61,Consultant,High,Middle Age,26.029877772747852,high,2
23.71,Marketing Manager,Medium,Middle Age,30.110990511536716,high,1
17.7,Shop Owner,Medium,Senior,17.8359096313912,medium,2
2.96,Real Estate Agent,Medium,Middle Age,30.859374999999993,high,1
8.86,Architect,Medium,Middle Age,34.159779614325075,high,2
25.53,Civil Servant,High,Senior,20.98765432098765,medium,3
19.48,Factory Worker,High,Senior,25.529644871208653,high,2
13.67,Data Analyst,Low,Middle Age,22.25690831309978,low,1
46.04,Engineer,High,Middle Age,25.79591836734694,high,1
20.65,Data Analyst,Low,Senior,40.68559556786703,high,1
26.85,Sales Manager,High,Middle Age,35.99541157390926,high,2
18.61,Factory Worker,Medium,Middle Age,25.76571345623458,high,1
36.22,Shop Owner,Low,Middle Age,15.278406518786783,medium,2
17.65,Driver,Low,Middle Age,24.238227146814403,low,2
7.42,Lab Technician,Medium,Senior,22.656249999999996,medium,2
7.63,Software Engineer,Medium,Senior,25.4364666435426,medium,2
24.29,Marketing Manager,High,Senior,28.01022373166206,high,2
23.56,Software Engineer,Medium,Senior,17.78197125852809,medium,1
17.85,Driver,Medium,Middle Age,31.20917404557991,high,2
33.25,Pharmacist,High,Middle Age,29.705644072373747,high,2
35.59,HR Manager,Medium,Senior,21.447567845806283,low,2
37.79,Sales Manager,Low,Middle Age,38.370720188902006,high,2
46.25,Marketing Manager,Medium,Middle Age,31.22130394857668,high,1
40.96,Lawyer,Low,Senior,20.19557823129252,low,2
15.0,Content Writer,Low,Middle Age,29.357521924046825,medium,2
9.74,Chef,High,Senior,23.515579071134628,medium,1
23.7,Chef,Medium,Senior,24.3910588392529,low,1
25.59,Plumber,Medium,Middle Age,30.35925113847192,high,2
45.99,Insurance Agent,Medium,Senior,30.75987020010817,high,3
14.55,Pharmacist,Low,Middle Age,21.56476002629849,low,2
2.5,Doctor,Low,Middle Age,21.745550216113184,medium,2
49.73,Teacher,Low,Middle Age,27.45982194473349,medium,2
28.8,Electrician,High,Middle Age,28.88888888888889,high,1
19.64,Shop Owner,Low,Middle Age,31.239414355075468,high,2
49.12,Lawyer,Medium,Senior,18.63983991666895,low,3
42.12,Lab Technician,Medium,Senior,16.17777235127133,medium,2
45.18,Carpenter,Medium,Middle Age,30.84627667295689,high,1
43.86,Plumber,High,Senior,23.372576177285318,medium,2
25.76,Real Estate Agent,Medium,Middle Age,36.73800674954077,high,2
31.79,Lab Technician,High,Senior,25.21735857578381,high,2
9.41,Accountant,Low,Middle Age,19.723183391003463,low,2
34.99,Engineer,Medium,Middle Age,30.08382909680909,high,2
2.99,Accountant,Medium,Senior,40.16390117246136,high,2
23.42,Carpenter,High,Senior,30.071168431955627,high,2
19.07,Government Employee,Low,Middle Age,22.151022507021082,low,2
14.56,Businessman,High,Middle Age,29.411764705882355,high,2
21.04,Businessman,Medium,Middle Age,31.603212373587155,high,2
43.12,Plumber,High,Senior,33.02366090869502,high,1
32.89,Consultant,Low,Middle Age,14.346326424712311,medium,1
35.64,Content Writer,High,Middle Age,24.14279513888889,medium,1
19.14,Chef,Low,Middle Age,28.326580372189753,medium,2
44.22,Businessman,High,Senior,19.045073340238563,medium,2
46.7,Civil Servant,Medium,Senior,20.571428571428573,low,1
40.16,Carpenter,High,Senior,25.458065904119906,high,2
21.58,Electrician,Low,Middle Age,27.064051588760066,medium,2
13.48,Banker,Low,Middle Age,20.830703194041156,low,3
24.47,Real Estate Agent,Medium,Middle Age,30.991735537190085,high,3
14.73,Businessman,Medium,Middle Age,22.948115744558788,medium,1
26.01,Shop Owner,Medium,Senior,22.4058769513315,low,1
13.0,Retail Manager,Low,Middle Age,42.666666666666664,high,1
44.89,Factory Worker,High,Senior,17.398736302310674,medium,1
26.7,Factory Worker,Medium,Middle Age,18.19548277362446,medium,2
14.72,HR Manager,Low,Middle Age,14.452537865649207,medium,1
16.04,Real Estate Agent,High,Middle Age,32.87310979618672,high,1
8.71,Lab Technician,Low,Middle Age,19.333729922665082,low,2
48.19,Lab Technician,Medium,Middle Age,19.705532421177875,medium,1
15.04,Pharmacist,High,Senior,26.303618915481554,high,2
2.2,Factory Worker,Low,Middle Age,32.446723281525394,high,2
32.79,Banker,Low,Middle Age,21.872422819032593,low,1
19.17,HR Manager,Medium,Senior,18.961927424152293,medium,2
43.27,HR Manager,Low,Middle Age,29.77777777777778,medium,2
46.03,Plumber,Low,Middle Age,19.14672216441207,low,2
10.03,Software Engineer,Medium,Senior,19.43301326017375,medium,2
41.82,Government Employee,High,Senior,29.319856487018246,high,1
23.16,Real Estate Agent,Medium,Senior,27.16161158895428,medium,2
35.11,Lab Technician,Medium,Middle Age,36.786519520588584,high,2
11.77,Government Employee,Low,Middle Age,30.477219243084754,high,1
33.09,Banker,Medium,Senior,20.990540971410354,low,3
24.89,Software Engineer,Medium,Middle Age,33.057851239669425,high,1
29.18,Insurance Agent,Low,Middle Age,20.82999519307803,low,1
7.35,Nurse,Low,Middle Age,24.609374999999996,low,2
39.79,Doctor,Medium,Senior,21.56476002629849,low,1
19.24,Marketing Manager,Low,Middle Age,19.927728770326283,low,2
3.97,Data Analyst,Low,Middle Age,25.737081414967538,medium,2
19.46,Lawyer,Low,Middle Age,26.22222222222222,medium,2
28.46,Lab Technician,High,Senior,32.888888888888886,high,1
23.49,Teacher,High,Middle Age,32.34681737061273,high,1
32.52,Architect,Low,Senior,24.38652644413961,low,2
42.09,Software Engineer,High,Senior,30.436715570602924,high,2
49.23,Driver,Low,Senior,21.707923392038097,low,2
33.89,Retail Manager,Medium,Senior,28.037923459359458,medium,2
46.88,Plumber,Low,Middle Age,14.863258026159334,medium,2
27.66,Data Analyst,Medium,Middle Age,19.25998263888889,medium,2
18.67,Insurance Agent,Low,Middle Age,21.612811791383223,low,1
44.75,Real Estate Agent,High,Middle Age,41.864240249476694,high,2
34.41,Pharmacist,High,Senior,21.208448753462605,medium,2
41.62,Software Engineer,Low,Senior,23.140495867768596,low,1
41.41,Lawyer,Low,Senior,24.910767400356935,medium,2
21.7,Teacher,Low,Middle Age,21.007667798746546,low,2
30.81,Government Employee,Medium,Middle Age,28.25096980941137,medium,3
29.76,Electrician,High,Senior,16.75729284224206,high,1
24.77,Engineer,Low,Senior,24.0,low,2
35.46,Chef,Medium,Middle Age,31.231409875074366,high,1
39.71,Retail Manager,Medium,Middle Age,16.70620468441979,medium,1
31.32,Software Engineer,Medium,Senior,26.27728507868255,medium,2
36.19,Accountant,High,Senior,20.747550193111813,medium,2
31.39,Driver,High,Middle Age,26.291723822588015,high,2
25.11,Shop Owner,Low,Middle Age,19.159827275586945,low,2
22.61,Pharmacist,Medium,Senior,16.853406572828565,medium,1
11.2,Pharmacist,Low,Middle Age,33.28402366863905,high,2
44.33,HR Manager,Medium,Middle Age,24.489795918367346,medium,2
45.54,Engineer,Low,Senior,21.907582457706194,low,2
9.24,Electrician,Medium,Senior,31.24879441379576,high,2
28.22,Government Employee,High,Middle Age,27.434842249657066,high,1
2.89,Doctor,Low,Senior,20.322252866889244,low,2
5.53,Content Writer,High,Senior,24.77679524969029,medium,1
42.08,Civil Servant,Low,Middle Age,19.591836734693878,low,2
16.54,Lawyer,Medium,Senior,31.708283789139912,high,1
43.26,Real Estate Agent,Medium,Middle Age,26.869806094182827,medium,2
3.81,Data Analyst,Low,Senior,19.841269841269845,low,1
39.17,Retail Manager,High,Senior,37.49999999999999,high,2
24.43,Driver,Medium,Middle Age,28.964734689002356,medium,2
47.75,Driver,Low,Senior,24.772096710265558,low,1
11.2,Chef,Low,Middle Age,22.743383742911153,low,1
17.57,Carpenter,Medium,Senior,24.609374999999996,medium,1
34.16,Shop Owner,Low,Senior,24.725182932941294,low,2
30.1,Engineer,Medium,Middle Age,23.931623931623932,medium,2
47.37,Teacher,Low,Middle Age,20.281233098972418,low,2
36.42,Accountant,Low,Middle Age,20.174553747642648,low,3
46.08,Retail Manager,Low,Middle Age,24.4140625,low,1
9.16,Data Analyst,Low,Middle Age,19.77769866698311,low,2
10.49,Engineer,High,Senior,43.55555555555556,high,2
26.89,Consultant,High,Senior,21.30394857667585,medium,2
4.33,Lab Technician,High,Senior,25.05930702662969,high,2
11.17,Factory Worker,Medium,Middle Age,22.15910864205237,medium,2
36.78,Insurance Agent,High,Senior,18.069727891156464,high,2
27.7,Civil Servant,Medium,Middle Age,29.402273297715947,medium,2
28.86,Insurance Agent,High,Senior,25.99243856332703,medium,2
24.21,Doctor,Low,Middle Age,24.075473810923548,medium,2
44.87,Teacher,Low,Middle Age,23.025684602944,low,2
42.71,Lab Technician,High,Senior,15.228881125145568,high,2
5.0,Consultant,Low,Senior,22.21367849972233,low,1
13.75,Businessman,Medium,Senior,28.946124763705104,medium,2
49.27,Accountant,Medium,Senior,27.77442337881898,medium,1
27.41,Marketing Manager,Medium,Senior,26.638917793964616,medium,2
24.17,Nurse,Low,Senior,19.736301088237713,low,1
26.25,Factory Worker,High,Middle Age,16.541306451109516,high,2
8.57,Lawyer,High,Middle Age,31.992171327486922,high,2
36.4,Data Analyst,Low,Middle Age,13.717421124828533,medium,1
13.48,Civil Servant,Medium,Senior,24.0,low,1
42.71,Teacher,Medium,Senior,28.719723183391007,medium,3
28.32,Banker,Low,Middle Age,16.362308254200144,medium,2
27.22,Consultant,High,Middle Age,33.856571252693136,high,3
36.08,Civil Servant,High,Middle Age,15.321267834913337,high,1
43.26,Doctor,Medium,Middle Age,34.64760317529933,high,1
24.48,Pharmacist,Medium,Senior,22.99262444384723,low,3
12.74,Chef,Medium,Senior,13.154508278761186,medium,2
12.71,Insurance Agent,Medium,Middle Age,16.300151562812776,high,3
4.5,Doctor,Low,Middle Age,19.487382745408905,low,3
49.37,Lawyer,Medium,Middle Age,30.832893829364274,high,2
26.43,Chef,Medium,Senior,23.545706371191137,low,1
32.56,HR Manager,Medium,Middle Age,23.9188302920412,medium,1
20.29,Accountant,Medium,Middle Age,18.513541759980885,medium,2
48.92,Sales Manager,Medium,Middle Age,17.71541950113379,medium,2
5.35,Software Engineer,Medium,Senior,24.111507464658473,medium,2
47.72,Retail Manager,High,Middle Age,25.082863029651524,high,1
42.66,Plumber,Medium,Middle Age,19.473406629072173,medium,2
17.94,Businessman,High,Middle Age,34.666666666666664,high,2
27.76,HR Manager,Medium,Middle Age,33.386558281318045,high,2
47.68,Lawyer,Medium,Senior,25.20398137468495,medium,2
23.15,Teacher,Low,Middle Age,26.491508201480624,medium,2
10.55,Marketing Manager,Medium,Middle Age,33.12601406165495,high,1
33.45,Consultant,Medium,Senior,39.471952984518225,high,2
41.2,Carpenter,Medium,Senior,22.014013799028163,low,2
42.35,Electrician,High,Senior,29.402920244578837,high,1
21.68,Teacher,High,Middle Age,28.726787729557817,high,2
6.28,Lab Technician,Medium,Senior,37.722908093278456,high,2
39.56,Chef,Low,Middle Age,18.671926364234057,low,2
43.75,Teacher,Medium,Senior,19.81784449316917,low,1
47.96,Data Analyst,Medium,Middle Age,24.724520008546747,medium,2
36.34,Real Estate Agent,Low,Middle Age,24.654832347140037,low,2
49.87,Data Analyst,Medium,Middle Age,18.63983991666895,medium,1
26.07,Sales Manager,High,Senior,25.770399305555557,high,2
34.72,Factory Worker,High,Middle Age,32.03124999999999,high,2
30.61,Pharmacist,High,Middle Age,36.64982060877281,high,1
32.99,Banker,Medium,Middle Age,14.49703347740879,medium,2
27.06,Government Employee,Medium,Senior,34.78073792534691,high,1
41.5,Teacher,High,Middle Age,29.21010994360826,high,2
21.38,Marketing Manager,Medium,Middle Age,22.67573696145125,medium,2
41.7,Marketing Manager,Low,Middle Age,21.266540642722116,low,2
34.63,Driver,High,Middle Age,16.897506925207757,high,1
32.4,Lab Technician,Low,Middle Age,17.36111111111111,medium,1
24.07,Insurance Agent,Medium,Senior,17.63237847222222,medium,3
41.1,Factory Worker,High,Middle Age,13.440467494521547,high,2
17.56,Data Analyst,Medium,Senior,18.21493624772313,medium,1
10.33,Marketing Manager,High,Senior,29.333333333333332,high,1
45.22,Nurse,Low,Senior,27.379664683612766,medium,2
13.11,Accountant,Low,Middle Age,18.507766003774133,low,2
8.16,Shop Owner,Medium,Middle Age,41.009867999487376,high,1
23.77,Insurance Agent,Medium,Senior,13.019390581717452,medium,2
49.74,Civil Servant,Medium,Middle Age,21.469150482230148,medium,1
32.72,Lawyer,High,Middle Age,26.23355580417422,high,2
19.37,Architect,Low,Middle Age,15.959653994701394,medium,3
31.95,Marketing Manager,Medium,Middle Age,27.531229454306374,medium,3
20.08,Businessman,High,Middle Age,17.25894069714803,high,2
14.95,Businessman,Medium,Middle Age,26.88095170007721,medium,2
37.41,Teacher,Medium,Senior,15.26204938799182,medium,2
33.33,Pharmacist,High,Senior,30.85399449035813,high,1
3.05,Retail Manager,Medium,Middle Age,27.630367089162757,high,3
28.47,Civil Servant,High,Middle Age,38.95429362880886,high,1
26.53,Insurance Agent,Medium,Senior,22.24392361111111,low,2
20.92,Carpenter,Low,Middle Age,15.872531363511492,medium,2
14.64,Nurse,Low,Middle Age,20.13476871862332,low,1
4.46,Electrician,Low,Middle Age,24.543462381300216,low,2
26.16,Insurance Agent,High,Senior,13.423179145748879,high,1
20.7,Content Writer,Medium,Senior,16.64474214072861,high,2
48.22,Nurse,Medium,Senior,28.037923459359458,medium,2
38.59,HR Manager,Medium,Senior,18.144868631151112,medium,2
29.27,Data Analyst,High,Middle Age,18.446180555555557,high,2
24.51,Government Employee,Medium,Middle Age,23.66691015339664,low,2
31.4,Shop Owner,Medium,Senior,18.11375437749064,medium,2
47.02,Pharmacist,Medium,Middle Age,21.301775147928996,medium,2
13.89,Carpenter,High,Middle Age,25.420014609203797,high,1
17.99,Factory Worker,Medium,Senior,18.282548476454295,medium,2
25.26,HR Manager,Low,Senior,21.338210638622158,low,2
48.21,Nurse,Low,Middle Age,20.33832644628099,low,1
12.33,Electrician,Low,Middle Age,18.924941241109856,low,2
6.53,Banker,Low,Senior,22.060353798126947,low,2
43.89,Government Employee,Medium,Senior,19.753086419753085,low,1
40.89,HR Manager,Medium,Senior,17.8359096313912,medium,2
49.03,Businessman,Low,Middle Age,20.380434782608695,low,2
46.36,Data Analyst,Low,Middle Age,22.353714661406972,low,1
5.36,Shop Owner,Low,Senior,24.898143956541425,low,2
23.73,Carpenter,Medium,Middle Age,21.05263157894737,medium,2
27.24,Consultant,High,Middle Age,40.888888888888886,high,2
33.07,Businessman,Low,Middle Age,24.653739612188367,low,2
27.71,Sales Manager,High,Senior,30.859607376561577,high,2
27.29,Lab Technician,High,Middle Age,35.26170798898072,high,2
25.56,Marketing Manager,High,Middle Age,29.823253366080436,high,2
17.49,Insurance Agent,Medium,Senior,17.9870600553035,medium,2
21.46,Doctor,High,Senior,26.863298703434666,high,2
18.2,Real Estate Agent,Low,Senior,19.944502254595903,low,1
35.31,Nurse,Medium,Middle Age,34.209025919915796,high,1
6.48,Sales Manager,High,Middle Age,16.305062458908615,high,2
39.24,Banker,High,Senior,28.69897959183674,high,2
43.51,Civil Servant,Medium,Middle Age,30.367346938775512,high,1
24.64,Driver,High,Senior,21.936347412254616,medium,2
45.99,Driver,Medium,Middle Age,28.71321119815237,medium,1
25.4,Businessman,High,Middle Age,15.033960643238744,high,2
41.99,Government Employee,Low,Middle Age,24.67037636029714,low,2
28.77,Civil Servant,High,Senior,39.63568898633834,high,2
15.33,Businessman,Medium,Senior,13.573407202216067,medium,2
41.21,Consultant,Medium,Middle Age,18.812147272238644,medium,2
48.56,Electrician,Low,Senior,23.73323840037973,low,2
27.64,Lab Technician,Medium,Senior,23.589835468362743,low,2
18.69,Data Analyst,Medium,Middle Age,27.44059917355372,high,2
27.82,Consultant,High,Senior,35.139302233855645,high,1
2.18,Electrician,Low,Middle Age,31.624219935908247,high,1
28.04,Accountant,Low,Middle Age,20.88888888888889,low,1
35.36,Factory Worker,Low,Middle Age,21.0828132906055,low,2
37.24,Businessman,Medium,Senior,25.99243856332703,medium,2
10.12,Insurance Agent,Medium,Middle Age,22.77318640955005,medium,2
13.57,Accountant,Low,Middle Age,13.154715562833902,medium,3
34.19,Factory Worker,Medium,Middle Age,31.04769454353283,high,2
13.17,Plumber,Low,Senior,21.38593635289987,low,2
37.13,Content Writer,Low,Senior,21.158854166666668,low,2
38.08,Driver,High,Middle Age,39.63568898633834,high,2
2.78,Plumber,High,Senior,14.127423822714682,high,2
49.53,Retail Manager,High,Senior,32.0,high,2
26.21,Pharmacist,Low,Middle Age,12.488043362737805,medium,1
37.25,Data Analyst,Medium,Middle Age,31.64556962025316,high,2
41.12,Doctor,Medium,Senior,17.444021847922443,medium,2
32.64,Sales Manager,Medium,Senior,27.390918560240728,medium,3
41.38,Real Estate Agent,Medium,Senior,33.46403461330449,high,1
32.16,Marketing Manager,Medium,Middle Age,34.54734651404786,high,2
7.9,Architect,Medium,Senior,30.102118579484827,high,2
13.96,Banker,High,Senior,31.611773249604852,high,2
39.04,Insurance Agent,Low,Middle Age,24.772096710265558,low,2
40.29,Content Writer,High,Senior,26.840610467838083,medium,2
40.46,Banker,Low,Middle Age,24.933720489837143,medium,2
34.85,Pharmacist,Low,Middle Age,21.777553339224845,low,1
48.23,Content Writer,Medium,Middle Age,30.461118308182492,high,1
20.05,Sales Manager,Low,Middle Age,17.419073885905068,medium,1
8.65,Government Employee,Medium,Middle Age,31.51150169811982,high,1
25.61,Electrician,Low,Senior,22.351742870076958,low,2
17.44,Banker,Low,Middle Age,22.321428571428577,low,2
41.1,Nurse,Medium,Middle Age,20.015495867768596,medium,2
18.71,Retail Manager,Low,Senior,22.743383742911153,low,2
36.15,Driver,Low,Middle Age,23.14266929651545,low,1
35.1,Businessman,Medium,Senior,16.721032866423617,medium,2
36.49,Software Engineer,Low,Middle Age,20.23355301190889,low,3
36.84,Real Estate Agent,Medium,Senior,20.6758034026465,low,1
47.52,HR Manager,Medium,Middle Age,32.17993079584775,high,1
22.47,Engineer,High,Senior,29.296874999999993,high,2
7.89,Pharmacist,High,Middle Age,15.020408163265307,high,2
40.94,Civil Servant,High,Middle Age,12.6232741617357,high,2
45.99,Consultant,Low,Middle Age,21.367521367521366,low,2
23.42,Data Analyst,Medium,Middle Age,14.956808400231983,medium,2
22.3,Nurse,High,Middle Age,14.528110523286095,high,1
47.97,Data Analyst,Low,Middle Age,20.305174833527424,low,1
42.25,Sales Manager,Medium,Middle Age,22.59143813091595,medium,2
19.79,Retail Manager,Low,Middle Age,21.85727788279773,low,2
43.6,Banker,Medium,Middle Age,23.620287912158062,medium,2
2.91,Pharmacist,Medium,Middle Age,21.107266435986162,medium,2
38.94,Civil Servant,High,Middle Age,37.52740765727779,high,1
24.21,Teacher,High,Senior,18.339100346020764,high,1
7.32,Insurance Agent,Low,Middle Age,31.24879441379576,high,1
16.98,Consultant,Medium,Senior,18.285714285714285,medium,1
2.82,Government Employee,Low,Middle Age,25.963047941069917,medium,1
10.65,Doctor,High,Senior,15.26204938799182,high,2
27.54,Nurse,Medium,Senior,26.573129251700685,medium,2
18.38,Content Writer,Low,Senior,22.99262444384723,low,2
24.63,Accountant,High,Middle Age,22.386314277122523,medium,2
26.36,Carpenter,Low,Middle Age,29.666548000474663,medium,2
28.26,Retail Manager,High,Senior,36.786519520588584,high,2
43.16,Engineer,Medium,Middle Age,16.516894823773132,medium,1
42.37,Chef,Medium,Middle Age,30.585811928466654,high,2
41.86,HR Manager,High,Middle Age,18.144868631151112,high,2
30.9,Lab Technician,High,Middle Age,38.21499013806706,high,2
21.47,Doctor,High,Senior,42.41689750692521,high,2
44.72,Engineer,Low,Middle Age,27.887617065556707,medium,1
32.03,Carpenter,High,Middle Age,28.959000152415786,high,1
13.67,Retail Manager,High,Middle Age,36.32812499999999,high,3
12.94,Chef,Medium,Senior,18.390674513354462,medium,1
16.58,Factory Worker,Low,Middle Age,28.841531805800347,medium,3
21.58,Marketing Manager,Low,Middle Age,24.3910588392529,low,2
3.26,Government Employee,Low,Middle Age,28.720083246618103,medium,2
41.78,Electrician,Low,Middle Age,25.766837531865903,medium,1
18.75,Accountant,Medium,Middle Age,29.372397382510414,medium,2
47.52,Lab Technician,Low,Middle Age,20.1934318205973,low,1
30.26,Retail Manager,High,Middle Age,26.312811226799457,high,2
38.06,Shop Owner,High,Senior,22.014013799028163,medium,2
34.81,Civil Servant,Medium,Senior,27.587326057852245,medium,2
12.81,Marketing Manager,Medium,Middle Age,28.373702422145332,medium,3
39.63,Government Employee,High,Senior,19.576333089846603,medium,2
49.47,Accountant,Low,Middle Age,20.07774787474903,low,1
35.29,Pharmacist,Medium,Middle Age,32.11195240670633,high,2
16.48,Data Analyst,High,Senior,28.93406890166274,high,1
42.09,Sales Manager,Low,Middle Age,19.834710743801654,low,2
13.64,Plumber,Medium,Middle Age,17.99307958477509,high,2
2.11,Shop Owner,Low,Middle Age,19.95728440880922,low,2
7.98,Factory Worker,High,Senior,21.10070528384784,medium,3
33.76,Lawyer,Low,Middle Age,15.346938775510203,medium,2
37.2,Content Writer,Low,Middle Age,23.54788069073783,low,2
19.05,Consultant,Low,Middle Age,24.68532986111111,low,2
43.41,Content Writer,Medium,Senior,25.499131944444446,medium,2
25.44,Civil Servant,Medium,Middle Age,27.755102040816325,medium,1
22.39,Pharmacist,Medium,Senior,24.840980089578082,low,2
28.07,Driver,Medium,Senior,28.405337561104506,medium,2
9.56,Content Writer,Medium,Senior,16.245274102079396,medium,1
24.02,Plumber,Medium,Middle Age,34.80874965389027,high,3
18.28,Electrician,Medium,Senior,17.903645833333332,medium,2
4.87,Driver,Low,Senior,26.874496103198062,medium,1
4.35,Marketing Manager,Medium,Senior,23.98687034465345,low,3
33.0,Marketing Manager,High,Middle Age,27.531229454306374,high,1
4.42,Architect,Medium,Senior,18.19548277362446,medium,2
32.51,Insurance Agent,High,Senior,40.25277008310249,high,2
12.73,Retail Manager,Low,Senior,19.80251736111111,low,2
48.14,Software Engineer,High,Senior,33.46403461330449,high,2
36.62,Civil Servant,Medium,Middle Age,18.25631871475516,high,1
13.97,Civil Servant,Low,Middle Age,20.98765432098765,low,2
24.88,Electrician,Medium,Middle Age,29.352354500694357,medium,2
41.11,Pharmacist,Low,Middle Age,16.22920632939047,medium,2
25.97,Engineer,Medium,Middle Age,13.863739248528747,medium,2
30.18,Doctor,High,Middle Age,35.62901744719927,high,2
48.55,Plumber,Medium,Senior,15.350456401962665,medium,2
8.76,Shop Owner,Low,Senior,19.038107424861895,low,3
2.65,Software Engineer,Low,Middle Age,37.5776274672679,high,2
22.88,Plumber,Low,Senior,19.003908350962746,low,1
31.15,Driver,Medium,Middle Age,23.725286160249738,medium,2
31.55,Real Estate Agent,Medium,Middle Age,34.54734651404786,high,2
8.31,Software Engineer,Medium,Senior,29.77777777777778,medium,2
7.02,Nurse,Low,Middle Age,26.173832551310287,medium,1
11.31,Consultant,Low,Senior,21.7335354170837,low,2
38.85,Content Writer,Medium,Senior,25.207756232686982,medium,1
42.01,Factory Worker,Medium,Senior,36.79016620498615,high,2
5.06,Driver,Low,Senior,19.333729922665082,low,1
26.46,Content Writer,Low,Middle Age,13.014938886373926,medium,1
3.07,Chef,Low,Senior,23.725286160249738,low,2
34.88,Content Writer,High,Senior,30.299204645878046,high,2
48.05,Civil Servant,Low,Middle Age,24.56931437160365,low,1
28.45,Engineer,Medium,Middle Age,20.07960127648894,medium,1
2.02,Electrician,Medium,Senior,32.038959374599514,high,2
46.46,Civil Servant,Medium,Senior,16.976007243096426,medium,1
13.47,Real Estate Agent,Low,Middle Age,29.365763350250564,medium,1
37.83,Pharmacist,High,Middle Age,32.79194475521777,high,2
33.41,Chef,Medium,Middle Age,16.302378939741576,medium,2
18.41,Pharmacist,High,Senior,13.735844449192637,high,2
9.49,Accountant,Low,Senior,24.677021338365513,low,1
2.89,Chef,Medium,Senior,18.749999999999996,medium,2
30.17,Civil Servant,Medium,Senior,35.32123735871506,high,3
24.82,Architect,High,Middle Age,26.562499999999996,medium,2
23.63,Driver,Medium,Senior,20.6758034026465,low,2
44.57,Shop Owner,High,Senior,21.967857555786793,medium,1
18.29,Consultant,Low,Middle Age,24.021275987303035,low,2
46.45,Shop Owner,Medium,Middle Age,24.538964901844146,medium,2
18.51,HR Manager,Medium,Senior,25.20398137468495,medium,2
32.47,Content Writer,High,Middle Age,28.61602497398543,high,1
42.31,Chef,High,Senior,39.30112349950873,high,2
39.74,Sales Manager,Medium,Senior,31.95592286501378,high,2
21.38,Real Estate Agent,Medium,Senior,13.154715562833902,medium,1
13.74,Accountant,Low,Middle Age,13.834635416666668,medium,1
6.4,Teacher,Low,Middle Age,23.781212841854934,low,1
18.74,Content Writer,Medium,Middle Age,22.79032897344431,medium,2
27.69,Marketing Manager,Low,Middle Age,23.735308416025617,low,1
14.65,Accountant,Low,Senior,24.121749046094468,low,3
46.29,Data Analyst,High,Middle Age,13.960106311578835,high,2
22.19,Real Estate Agent,Medium,Middle Age,35.93749999999999,high,2
34.22,Content Writer,Medium,Senior,25.77251808021039,medium,2
5.25,Doctor,High,Senior,18.015956990477278,high,2
16.06,Software Engineer,Medium,Senior,25.640242971826257,medium,3
48.05,Chef,High,Middle Age,16.073321705824014,high,2
27.73,Chef,Medium,Middle Age,39.471952984518225,high,2
45.92,Sales Manager,Medium,Senior,24.444444444444443,low,3
8.18,Shop Owner,High,Senior,17.374452871796585,high,1
26.56,Architect,Low,Middle Age,16.937031879257784,medium,1
16.36,Factory Worker,Low,Middle Age,14.792899408284022,medium,2
4.11,Architect,Medium,Middle Age,14.765497060323767,high,2
48.16,Consultant,High,Middle Age,30.023243801652892,high,3
43.15,Marketing Manager,Medium,Middle Age,34.42217361683818,high,2
29.98,Electrician,High,Middle Age,26.609712545078956,high,1
15.12,Marketing Manager,Low,Middle Age,22.656249999999996,low,1
17.86,Real Estate Agent,Medium,Middle Age,35.75595618954421,high,1
6.58,Retail Manager,Low,Senior,22.79035792549306,low,2
20.6,Insurance Agent,High,Senior,32.83061454806607,high,1
4.51,Pharmacist,Low,Senior,28.25096980941137,medium,1
25.24,Nurse,Low,Middle Age,23.198315069747565,low,1
35.73,Accountant,Low,Middle Age,22.857142857142858,low,3
27.39,Architect,Medium,Middle Age,30.218857788223804,high,2
34.65,Carpenter,Medium,Middle Age,31.615792841281195,high,3
3.65,Carpenter,Low,Middle Age,21.266540642722116,low,3
40.24,Sales Manager,Low,Senior,23.423557406305775,low,2
15.26,Engineer,Low,Middle Age,29.714285714285715,medium,2
14.18,Data Analyst,Medium,Senior,29.1363163371488,medium,2
23.67,Plumber,Low,Middle Age,26.82742078020452,medium,1
49.3,Government Employee,Low,Middle Age,18.621386188612547,low,1
49.23,Retail Manager,Medium,Senior,28.06642386982525,medium,2
16.67,Engineer,Low,Middle Age,17.903645833333332,medium,2
7.71,Pharmacist,Medium,Senior,31.31456611570248,high,2
2.25,Insurance Agent,Medium,Senior,42.22222222222222,high,1
43.75,Civil Servant,Low,Middle Age,23.91327452439154,low,1
8.51,Accountant,Medium,Senior,25.029760996306585,medium,1
42.8,Banker,Medium,Middle Age,15.485756026296565,medium,1
8.37,Engineer,Medium,Middle Age,24.59321112985787,medium,2
9.42,Retail Manager,High,Middle Age,32.69916765755053,high,1
25.75,Carpenter,Low,Middle Age,22.10028959000152,low,1
24.55,Lawyer,Low,Middle Age,23.725286160249738,low,2
18.68,Sales Manager,Medium,Middle Age,24.31412396574249,low,2
8.13,Government Employee,Medium,Middle Age,26.564344746162927,high,2
6.24,Teacher,Medium,Middle Age,20.932120124738347,low,3
24.9,Engineer,Medium,Middle Age,26.304601976830696,medium,2
2.74,HR Manager,Low,Middle Age,22.20408163265306,low,1
16.52,Government Employee,Low,Middle Age,22.59814049586777,low,1
39.92,Real Estate Agent,Medium,Middle Age,28.082170873904946,medium,2
38.15,Government Employee,Medium,Middle Age,29.642685467072578,medium,2
15.68,Driver,High,Middle Age,30.48665738266401,high,1
17.3,Software Engineer,Low,Middle Age,18.619700253350018,low,2
13.9,HR Manager,Medium,Senior,32.83097978719196,high,3
19.75,Civil Servant,Medium,Senior,23.011176857330703,low,1
13.31,Sales Manager,Low,Middle Age,26.44628099173554,medium,2
34.64,Lab Technician,Medium,Middle Age,24.121749046094468,low,2
4.88,Plumber,Low,Senior,21.367521367521366,low,2
28.41,Government Employee,Medium,Senior,19.53542321662953,low,1
22.18,Carpenter,Low,Middle Age,28.384802161348794,medium,2
20.31,Teacher,Medium,Middle Age,33.74770387457816,high,2
47.16,Banker,Low,Middle Age,21.64412070759625,low,3
27.75,Driver,High,Middle Age,35.295549515193315,high,2
23.05,Plumber,Low,Middle Age,38.28124999999999,high,2
17.15,Chef,High,Senior,16.563007030827475,high,1
22.74,Lawyer,Medium,Senior,30.757400999615534,high,2
40.56,Insurance Agent,Low,Middle Age,23.624795296518027,low,2
7.09,Government Employee,Low,Middle Age,28.40111107643332,medium,1
19.09,Consultant,Medium,Middle Age,20.86111966075032,medium,2
30.27,Factory Worker,Low,Middle Age,26.027582477014604,medium,2
12.78,HR Manager,Low,Middle Age,23.515579071134628,low,2
40.67,Teacher,Medium,Senior,22.096807907073963,low,2
27.82,Government Employee,Medium,Senior,21.97265625,low,3
6.69,Doctor,Low,Middle Age,26.82742078020452,medium,2
28.7,Doctor,Medium,Middle Age,16.721032866423617,medium,3
27.79,Government Employee,Medium,Middle Age,15.91695501730104,medium,2
26.7,Doctor,Medium,Senior,24.65590961580475,low,2
7.15,Data Analyst,Medium,Senior,37.34186861758877,high,2
11.11,Sales Manager,Low,Middle Age,23.79552644102909,low,1
43.68,Electrician,Medium,Senior,13.732651570489407,medium,2
48.31,Lab Technician,Low,Middle Age,37.5923789995301,high,2
47.05,Doctor,Medium,Middle Age,21.655108138483047,medium,2
11.91,Engineer,Medium,Senior,14.163487108336222,medium,2
13.87,Businessman,Low,Middle Age,25.06574621959237,medium,2
44.54,Content Writer,Medium,Senior,14.956808400231983,medium,2
19.32,HR Manager,Medium,Middle Age,19.195302796492154,medium,1
40.01,Carpenter,High,Senior,29.065743944636683,high,1
21.97,Marketing Manager,High,Senior,39.85864562787639,high,1
27.48,Factory Worker,High,Middle Age,22.920971074380166,medium,1
28.1,HR Manager,Low,Middle Age,23.92485822306238,low,2
14.82,Consultant,Low,Middle Age,27.33564013840831,medium,3
42.29,Engineer,Medium,Senior,23.76543209876543,low,1
40.12,Real Estate Agent,Medium,Middle Age,33.856571252693136,high,1
39.31,Engineer,Low,Middle Age,23.808797045267237,low,2
34.11,HR Manager,Medium,Middle Age,29.094282341035587,medium,2
15.97,Architect,Medium,Senior,32.038959374599514,high,2
10.55,Retail Manager,Medium,Senior,42.103416516819436,high,1
38.22,Sales Manager,High,Middle Age,16.76494392415308,high,2
8.41,Shop Owner,Medium,Middle Age,24.910767400356935,high,3
47.77,Electrician,High,Middle Age,16.1844365173735,high,2
38.31,Pharmacist,High,Senior,34.577632361689474,high,1
7.87,Data Analyst,High,Middle Age,33.320517749583495,high,2
21.69,Lawyer,Low,Senior,23.381868423849507,low,1
29.18,Driver,Medium,Senior,21.383941996057334,low,1
33.47,Nurse,Medium,Middle Age,22.714681440443215,medium,2
39.31,Driver,Low,Middle Age,19.140624999999996,low,2
27.84,Nurse,Medium,Middle Age,22.282592106468055,medium,2
24.93,Insurance Agent,Medium,Middle Age,37.97318144060757,high,2
28.43,HR Manager,Low,Middle Age,23.87543252595156,low,3
35.75,Banker,Medium,Middle Age,17.63085399449036,medium,3
24.87,Civil Servant,Medium,Middle Age,20.654142145767317,medium,2
35.9,Insurance Agent,High,Middle Age,21.62964876033058,medium,2
7.42,Businessman,High,Middle Age,36.579789666209415,high,2
49.5,Sales Manager,Low,Senior,23.37472607742878,low,2
33.32,Banker,High,Senior,18.63983991666895,medium,2
41.15,Electrician,Medium,Senior,21.606648199445985,low,1
13.81,Engineer,Low,Middle Age,27.777777777777775,medium,1
40.02,Data Analyst,Medium,Senior,15.190972222222223,medium,2
2.11,Real Estate Agent,Low,Middle Age,30.83653053175087,high,2
37.31,Content Writer,High,Senior,23.87543252595156,low,1
29.17,Content Writer,High,Senior,28.604764951635367,medium,1
4.1,Factory Worker,Medium,Senior,26.874496103198062,medium,2
10.38,Civil Servant,High,Senior,23.533042706685695,medium,2
39.82,Real Estate Agent,Medium,Senior,26.47210743801653,medium,2
41.2,Driver,Low,Senior,20.403232301538296,low,2
20.06,Marketing Manager,Medium,Senior,20.775623268698062,low,2
12.73,Doctor,Medium,Middle Age,26.874947509868147,high,2
47.3,Software Engineer,Low,Middle Age,14.765497060323767,medium,1
20.99,Software Engineer,Medium,Middle Age,13.292100694444445,high,2
34.19,Accountant,High,Middle Age,31.88775510204082,high,1
16.94,Software Engineer,Medium,Senior,33.17773234057328,high,1
37.82,Teacher,High,Middle Age,25.3069320474676,high,2
11.26,Content Writer,Low,Middle Age,30.778701138811947,high,1
15.16,Sales Manager,Low,Senior,24.55775234131113,low,2
19.01,Marketing Manager,Low,Senior,19.835162956123252,low,1
29.47,Software Engineer,Medium,Middle Age,26.25958474843318,medium,1
36.46,Software Engineer,High,Senior,25.509533201840895,high,3
10.91,Lawyer,Medium,Senior,21.383941996057334,medium,1
12.85,Driver,Medium,Middle Age,25.510204081632658,medium,1
47.69,Electrician,High,Middle Age,28.060018903591683,high,1
47.73,Sales Manager,Medium,Middle Age,21.227887617065555,medium,1
31.34,Plumber,High,Senior,32.29786616344898,high,1
42.02,HR Manager,Medium,Middle Age,35.99541157390926,high,2
11.02,Lab Technician,Medium,Senior,29.384756657483933,medium,2
15.6,Marketing Manager,Low,Senior,21.829952199932254,low,1
21.62,Engineer,Low,Middle Age,19.15158479364167,medium,1
42.99,Electrician,High,Middle Age,26.216410224399986,high,3
4.52,Teacher,Low,Senior,16.276041666666668,medium,2
3.68,Government Employee,Medium,Senior,19.377162629757787,medium,1
49.42,Content Writer,High,Senior,12.597631645250694,high,3
24.81,Carpenter,Medium,Middle Age,20.703124999999996,medium,2
36.01,Sales Manager,Low,Middle Age,29.094282341035587,medium,2
25.6,Real Estate Agent,Low,Senior,23.66691015339664,low,2
37.16,Carpenter,High,Senior,13.997368494722993,high,1
19.3,Retail Manager,High,Middle Age,16.653061224489797,high,2
7.65,Lab Technician,Low,Middle Age,35.796045785639954,high,1
5.97,Nurse,High,Senior,25.64891761567662,high,1
24.87,Civil Servant,Medium,Middle Age,19.15158479364167,medium,2
38.55,Civil Servant,Medium,Middle Age,24.56931437160365,medium,2
4.97,Driver,Low,Middle Age,18.36572462377676,medium,3
6.83,Retail Manager,Low,Middle Age,17.783249546869126,medium,1
6.33,Teacher,Medium,Senior,18.359374999999996,medium,1
12.32,Shop Owner,Medium,Senior,32.83097978719196,high,2
25.71,Electrician,Medium,Middle Age,37.52740765727779,high,2
42.43,Architect,Low,Middle Age,23.95122659311947,low,2
14.95,Architect,Low,Senior,24.560326301478007,low,1
42.04,Nurse,Medium,Senior,22.837370242214536,low,1
18.0,Consultant,Medium,Senior,30.299204645878046,high,2
6.48,Sales Manager,Low,Middle Age,27.17063156623596,medium,2
40.16,Civil Servant,High,Senior,20.70081674131507,medium,2
19.0,Sales Manager,Medium,Middle Age,24.167162403331353,medium,1
41.25,Nurse,Medium,Senior,25.697069943289225,medium,2
39.24,Software Engineer,Medium,Senior,25.77250395983785,medium,1
48.6,HR Manager,High,Middle Age,19.07734998265695,medium,2
10.71,Banker,High,Senior,29.515938606847698,high,2
12.54,Architect,Low,Senior,22.743383742911153,low,2
11.8,Content Writer,Medium,Senior,28.39506172839506,medium,2
14.65,Data Analyst,Low,Middle Age,21.20099137030069,low,3
34.18,Insurance Agent,Low,Middle Age,16.836011342155007,medium,2
48.46,Content Writer,Medium,Senior,22.948115744558788,low,2
39.78,Accountant,Medium,Middle Age,34.209025919915796,high,2
42.41,Lab Technician,High,Middle Age,17.357001972386588,high,3
7.66,Accountant,High,Senior,19.038107424861895,medium,2
35.41,Lawyer,Low,Middle Age,17.68978885166924,medium,1
5.72,Chef,High,Senior,32.44444444444444,high,1
3.74,Insurance Agent,Low,Middle Age,20.07774787474903,medium,2
33.13,Carpenter,Medium,Middle Age,18.864916569242215,medium,3
18.64,Lawyer,Medium,Senior,27.475629493018182,medium,2
7.62,Businessman,Low,Middle Age,22.230987127541326,low,2
21.48,Businessman,Medium,Middle Age,22.877405702193368,low,1
41.0,Retail Manager,High,Middle Age,12.33518818014857,high,1
48.51,Civil Servant,Medium,Middle Age,32.847300112161506,high,2
24.37,Architect,Medium,Middle Age,18.174913194444446,medium,2
25.36,Real Estate Agent,Medium,Senior,17.61998685075608,medium,2
20.68,Accountant,Medium,Senior,31.640624999999993,high,3
33.51,Factory Worker,Low,Senior,21.672110130948383,low,1
27.98,Architect,Medium,Senior,26.672763298277697,medium,2
37.0,Insurance Agent,Medium,Middle Age,22.75156931005181,medium,2
32.0,Doctor,Medium,Middle Age,26.881720430107524,medium,2
25.57,HR Manager,High,Middle Age,33.6727656294373,high,2
2.28,Real Estate Agent,High,Senior,38.22222222222222,high,1
23.32,Engineer,High,Middle Age,25.761772853185597,high,1
33.31,Driver,Low,Senior,22.136739730004358,low,1
28.59,Nurse,Medium,Middle Age,28.40111107643332,medium,2
37.49,Consultant,High,Senior,40.47900151796256,high,2
42.09,Retail Manager,High,Middle Age,36.64982060877281,high,2
25.9,Chef,Medium,Senior,27.45982194473349,medium,1
37.27,Civil Servant,Medium,Senior,26.775510204081634,medium,2
24.49,Driver,Medium,Middle Age,25.536703601108034,medium,2
28.05,Software Engineer,Medium,Middle Age,39.03337572913469,high,2
49.89,Shop Owner,Low,Senior,18.93491124260355,low,2
19.19,Chef,Medium,Senior,15.432098765432098,medium,1
27.54,Factory Worker,Medium,Middle Age,21.04804761213529,medium,2
2.53,Data Analyst,High,Middle Age,25.766837531865903,high,2
30.71,Carpenter,Low,Middle Age,22.367440024560327,low,3
38.4,Engineer,Medium,Middle Age,18.19657904313989,medium,2
38.0,HR Manager,Medium,Senior,14.837210604406373,medium,2
35.6,Software Engineer,Low,Middle Age,18.726007303142847,low,1
42.47,Teacher,High,Senior,36.0,high,1
33.76,Sales Manager,Medium,Senior,43.41914828297004,high,1
33.84,Insurance Agent,Medium,Middle Age,24.97608672547561,high,1
44.89,Doctor,High,Senior,33.28402366863905,high,1
6.74,Insurance Agent,Medium,Middle Age,22.942130453700404,medium,2
5.46,Engineer,Low,Senior,20.07774787474903,low,2
43.62,Factory Worker,Medium,Middle Age,19.227687870533565,medium,3
20.11,HR Manager,Medium,Senior,16.224986479177936,medium,2
29.11,Banker,Medium,Senior,29.40759637188209,medium,2
20.85,Factory Worker,Medium,Middle Age,24.337479718766904,medium,1
5.13,Architect,Medium,Senior,34.41319568055061,high,1
7.07,Data Analyst,Low,Middle Age,41.11842105263158,high,1
44.61,Insurance Agent,Medium,Senior,29.714285714285715,medium,2
27.16,Data Analyst,Medium,Middle Age,39.111111111111114,high,1
30.97,Lab Technician,High,Senior,29.069767441860467,medium,2
14.71,Lab Technician,Medium,Senior,18.42403628117914,medium,1
34.14,Architect,Medium,Senior,29.319856487018246,medium,2
44.08,Teacher,Medium,Senior,14.693877551020408,medium,2
30.61,Lab Technician,Low,Middle Age,26.315789473684212,medium,2
14.71,Lab Technician,Medium,Middle Age,29.3775826446281,medium,1
47.59,Insurance Agent,Medium,Middle Age,33.62208773387128,high,2
43.81,Shop Owner,High,Middle Age,27.94309769197271,high,1
31.53,Accountant,Medium,Middle Age,30.818540433925047,high,2
22.43,Carpenter,Low,Middle Age,20.177148524332274,low,1
34.13,Real Estate Agent,Medium,Senior,28.19692120103642,medium,3
41.37,Real Estate Agent,Low,Middle Age,15.608740894901143,medium,2
34.01,Electrician,High,Middle Age,25.77777777777778,high,2
22.79,Driver,Low,Senior,24.898143956541425,low,2
11.32,Marketing Manager,Low,Middle Age,20.498614958448755,low,2
19.03,Teacher,High,Senior,26.1286108288576,high,1
36.84,Teacher,High,Senior,36.44444444444444,high,1
2.92,Businessman,Medium,Senior,20.147971991015986,medium,2
25.14,Lab Technician,Medium,Senior,29.03178980984178,high,1
17.93,Software Engineer,High,Middle Age,39.95837669094693,high,1
32.76,Businessman,High,Senior,23.620287912158062,low,2
49.14,Insurance Agent,Low,Senior,20.956607495069033,low,3
10.11,Marketing Manager,Medium,Middle Age,27.055150884495315,medium,2
17.68,Carpenter,High,Senior,37.5776274672679,high,2
2.48,Banker,High,Senior,25.55932915514163,medium,3
26.34,Shop Owner,High,Senior,12.753746413008821,high,2
25.04,Shop Owner,Medium,Middle Age,33.29864724245577,high,1
4.49,Marketing Manager,Low,Senior,22.060353798126947,low,1
23.19,Driver,Medium,Middle Age,32.368873034747,high,1
3.44,Civil Servant,Medium,Middle Age,33.425160697887975,high,2
21.22,Consultant,High,Senior,31.17913832199547,high,2
11.77,Factory Worker,High,Senior,17.398736302310674,high,2
4.48,Civil Servant,Low,Senior,23.61275088547816,low,3
48.9,Businessman,High,Senior,40.68559556786703,high,2
25.29,Accountant,Low,Middle Age,22.600262984878366,low,2
25.54,Government Employee,Low,Middle Age,20.56880661366243,low,2
27.52,Engineer,High,Senior,31.249999999999993,high,2
35.43,Accountant,Medium,Senior,25.605536332179934,medium,1
39.92,Content Writer,Medium,Middle Age,17.846519928613922,high,2
23.64,Marketing Manager,High,Middle Age,32.83061454806607,high,2
46.05,Teacher,Medium,Senior,21.453287197231838,low,3
40.72,Electrician,High,Middle Age,28.089010954714272,high,2
22.06,Electrician,High,Middle Age,29.046570270356536,medium,2
44.51,Driver,Medium,Middle Age,32.44444444444444,high,1
22.16,Shop Owner,High,Senior,27.58020031934969,high,1
10.33,Real Estate Agent,Medium,Senior,32.03987184051263,high,1
13.87,Marketing Manager,Low,Senior,24.0,low,3
13.4,Content Writer,High,Senior,26.346494034400994,high,2
34.65,Banker,High,Senior,30.778701138811947,high,2
16.07,Government Employee,High,Senior,32.42187499999999,high,2
26.88,Real Estate Agent,Medium,Middle Age,19.834710743801654,medium,2
14.79,Chef,High,Senior,32.596371882086174,high,2
34.84,Civil Servant,Low,Senior,24.622960911049557,low,2
31.27,HR Manager,Medium,Senior,16.358024691358022,medium,2
27.6,HR Manager,Medium,Senior,24.31412396574249,low,2
15.91,Government Employee,Medium,Middle Age,24.858365128916635,low,2
24.54,Carpenter,Low,Middle Age,18.68512110726644,low,3
16.03,Accountant,Medium,Senior,16.60899653979239,medium,2
2.24,Data Analyst,Low,Middle Age,38.666666666666664,high,2
38.82,Real Estate Agent,High,Senior,17.360441340997646,medium,2
48.56,Plumber,Medium,Senior,17.477606816266658,medium,2
42.04,Businessman,Low,Middle Age,22.060353798126947,low,2
4.84,Accountant,Low,Middle Age,26.149276859504134,medium,2
10.6,Marketing Manager,Medium,Middle Age,33.07828527515119,high,2
28.92,Businessman,Medium,Senior,22.839506172839506,low,1
2.03,Teacher,Low,Middle Age,24.747454257779218,low,2
44.44,Factory Worker,Medium,Middle Age,31.04769454353283,high,2
37.93,Accountant,High,Senior,41.226262006052366,high,2
37.64,Real Estate Agent,High,Senior,23.828124999999996,medium,2
7.32,Insurance Agent,High,Senior,16.014183991535358,high,2
19.99,Chef,Low,Middle Age,26.216410224399986,medium,1
9.33,Nurse,Low,Middle Age,27.33564013840831,medium,2
45.64,Teacher,High,Senior,13.01944946327984,high,1
36.5,Engineer,Medium,Senior,13.431649351717333,medium,2
25.79,Doctor,Medium,Senior,26.026174895895306,medium,2
19.09,Content Writer,Low,Middle Age,14.298378563870855,medium,2
22.61,Lawyer,Low,Senior,20.512820512820515,low,1
48.54,Architect,High,Senior,20.65754000210077,low,1
12.94,Pharmacist,Low,Senior,24.280975342840534,low,2
29.46,Real Estate Agent,Low,Middle Age,23.573915188728378,low,2
29.68,Nurse,Medium,Senior,32.889188733344575,high,2
31.12,Accountant,High,Senior,24.78425751739377,medium,1
46.34,Businessman,Medium,Middle Age,33.15043438500228,high,2
38.86,Nurse,High,Senior,14.201183431952664,high,2
13.33,Real Estate Agent,High,Senior,26.812218711098343,high,1
43.06,Teacher,Low,Middle Age,18.974531961544947,low,3
35.32,Businessman,Medium,Senior,30.436715570602924,high,2
24.13,Doctor,Medium,Middle Age,16.54730902777778,medium,2
4.05,Consultant,Low,Middle Age,17.360441340997646,medium,2
8.51,Data Analyst,Low,Middle Age,26.813590449954088,medium,3
15.38,Banker,Medium,Middle Age,39.44773175542406,high,2
48.76,Government Employee,Low,Middle Age,29.319856487018246,medium,2
39.42,Driver,Low,Middle Age,18.699780861943022,low,2
47.45,Real Estate Agent,Low,Senior,18.730489073881373,low,2
34.31,Banker,Low,Middle Age,27.47138397502601,medium,2
15.71,Banker,High,Senior,25.97867956642479,high,2
26.57,HR Manager,High,Middle Age,34.6626518679318,high,2
31.98,Sales Manager,Low,Middle Age,19.233560749020178,low,2
11.59,Civil Servant,Medium,Middle Age,22.20333872426743,medium,3
2.17,Nurse,Low,Middle Age,28.720083246618103,medium,3
19.93,Banker,Medium,Senior,22.6421929718633,medium,1
35.55,Civil Servant,Low,Senior,23.140495867768596,low,3
36.8,Factory Worker,High,Senior,14.012410992593438,high,2
19.46,Accountant,Low,Middle Age,22.917609778180175,low,2
43.27,Factory Worker,High,Senior,26.26494384736143,high,2
17.38,Electrician,High,Senior,19.59631589261219,medium,3
4.85,Driver,Low,Middle Age,21.967857555786793,medium,1
22.85,Data Analyst,Medium,Middle Age,29.065743944636683,medium,1
27.06,Nurse,High,Middle Age,35.43667123914037,high,2
24.6,Software Engineer,Medium,Senior,16.300151562812776,medium,1
2.85,Accountant,Medium,Senior,40.16390117246136,high,2
15.0,Shop Owner,Low,Middle Age,27.13141179099237,medium,1
25.28,Driver,Low,Middle Age,22.550940964858118,low,2
33.89,Accountant,Low,Middle Age,26.43807082198365,medium,2
19.9,Banker,Medium,Senior,32.46618106139438,high,2
11.22,Lawyer,Medium,Senior,14.837210604406373,medium,2
24.48,Civil Servant,High,Middle Age,13.440467494521547,high,2
33.67,Retail Manager,Medium,Middle Age,26.7538644470868,medium,1
14.46,Banker,Medium,Middle Age,13.29633483639727,medium,1
44.02,Software Engineer,High,Senior,12.360289283366207,high,2
40.98,Nurse,Medium,Senior,23.92242299970097,low,1
18.53,Insurance Agent,Medium,Middle Age,24.710383675204593,medium,2
8.45,Engineer,Medium,Middle Age,25.63691716071142,medium,1
37.32,Accountant,High,Senior,29.64951156330951,high,2
5.67,Lawyer,High,Middle Age,33.834027364663896,high,1
2.76,Nurse,Medium,Senior,25.71100826707804,medium,2
28.68,Sales Manager,Low,Middle Age,20.403232301538296,low,2
7.51,Factory Worker,Low,Middle Age,29.410734918245165,medium,1
29.08,Doctor,High,Middle Age,17.59259259259259,medium,1
11.5,Insurance Agent,Medium,Senior,27.15271058955713,medium,1
23.54,Civil Servant,Low,Middle Age,20.32443825510934,low,2
28.93,Software Engineer,Medium,Senior,28.0,medium,2
46.81,Plumber,Medium,Senior,22.321428571428577,low,1
34.24,Software Engineer,Medium,Senior,28.964734689002356,medium,2
32.09,HR Manager,High,Senior,34.76562499999999,high,2
44.82,Civil Servant,High,Middle Age,18.289894833104707,high,2
23.11,Government Employee,Medium,Middle Age,28.19692120103642,medium,1
22.34,Sales Manager,High,Middle Age,26.106562240417702,high,2
22.1,Marketing Manager,High,Senior,25.390624999999996,high,2
48.68,Pharmacist,Low,Middle Age,18.608223062381853,low,2
6.9,Carpenter,High,Senior,22.720438370810918,medium,2
22.71,Carpenter,Low,Senior,21.158854166666668,low,2
18.21,Consultant,Low,Middle Age,19.97440779001904,low,2
9.15,Lab Technician,Medium,Senior,19.94805976890361,low,2
11.54,Driver,Medium,Senior,13.440467494521547,medium,1
35.46,Nurse,Medium,Middle Age,32.242063492063494,high,3
30.4,Chef,Low,Middle Age,21.971335857220122,low,2
41.75,Retail Manager,Low,Middle Age,24.43018604526296,low,2
8.35,Real Estate Agent,Low,Senior,23.875114784205696,low,1
13.02,Teacher,Medium,Senior,16.23694745387867,medium,2
9.2,Businessman,High,Middle Age,31.611773249604852,high,2
32.0,Insurance Agent,Low,Middle Age,23.624447492760247,low,2
4.64,Content Writer,Medium,Senior,29.053287981859416,medium,2
12.04,Shop Owner,Medium,Senior,33.3275623268698,high,2
46.2,Doctor,Low,Middle Age,22.090729783037478,low,2
21.35,Content Writer,Low,Middle Age,29.961611685028558,high,2
31.35,Consultant,Low,Middle Age,16.897506925207757,medium,2
10.71,Pharmacist,Medium,Middle Age,18.407596785975162,high,2
6.68,Nurse,Medium,Middle Age,26.575890590940304,medium,1
29.62,Factory Worker,High,Senior,28.405337561104506,high,1
18.54,Teacher,High,Senior,16.787190082644628,high,1
34.48,Plumber,Low,Middle Age,29.864958448753463,medium,2
9.05,Retail Manager,Medium,Senior,22.152646502835537,medium,2
36.92,Marketing Manager,Low,Middle Age,15.67647996599001,medium,1
34.97,Accountant,Medium,Middle Age,26.040952824758094,medium,1
3.96,Real Estate Agent,High,Senior,18.312854442344044,high,2
26.95,Banker,Medium,Middle Age,36.71874999999999,high,1
47.94,Civil Servant,Low,Middle Age,21.926125822229718,low,3
41.88,Retail Manager,High,Senior,17.357001972386588,medium,3
12.98,Marketing Manager,High,Senior,16.806134238997235,high,2
4.38,Lab Technician,High,Senior,25.2162533116282,high,1
41.35,Businessman,High,Middle Age,18.02595737862522,high,1
4.66,Content Writer,Low,Middle Age,21.62162162162162,low,2
32.12,Content Writer,Low,Middle Age,22.54595907041276,low,2
21.09,HR Manager,Medium,Senior,12.868540707483769,medium,2
49.7,Teacher,High,Senior,27.776706145596233,high,2
36.14,Civil Servant,High,Senior,18.82711103989745,medium,2
15.22,Data Analyst,Low,Middle Age,19.959355494266223,low,2
8.21,Teacher,Low,Middle Age,18.82711103989745,low,1
45.64,Content Writer,Low,Middle Age,18.73278236914601,low,2
32.46,Factory Worker,High,Middle Age,26.370238143535232,high,1
45.29,Chef,High,Senior,27.700831024930746,high,2
27.93,Civil Servant,Low,Senior,23.35633171360305,low,3
30.95,Carpenter,Medium,Middle Age,36.43664485425343,high,2
6.46,Electrician,Medium,Middle Age,13.874436351023238,high,1
20.56,Carpenter,Medium,Middle Age,20.284531674022094,medium,1
16.1,Driver,Medium,Middle Age,32.69916765755053,high,1
15.11,Electrician,Low,Middle Age,21.38593635289987,low,2
8.92,Lawyer,Medium,Middle Age,31.37798916633637,high,2
39.67,Sales Manager,High,Senior,37.6542220797949,high,2
8.17,Lab Technician,Low,Senior,21.929223431375238,low,1
39.53,Accountant,Medium,Senior,26.106562240417702,medium,2
46.72,Software Engineer,Medium,Senior,23.328993055555557,low,2
49.21,Lab Technician,Medium,Middle Age,13.705764644609523,medium,1
38.59,Marketing Manager,Medium,Middle Age,28.628792385484836,medium,3
27.18,Software Engineer,Low,Middle Age,23.53036634346221,low,1
20.01,Driver,High,Senior,39.111111111111114,high,1
6.01,Banker,High,Senior,34.99747006240513,high,1
25.96,Nurse,Low,Middle Age,20.15621063240111,low,1
37.38,Lab Technician,Medium,Senior,21.97735111870822,low,1
44.05,Shop Owner,High,Senior,17.441263978660103,high,1
48.92,Lawyer,Low,Middle Age,23.334120982986768,low,2
39.3,Engineer,Medium,Senior,18.255523638218477,medium,1
38.53,Carpenter,Medium,Middle Age,26.861206922865602,medium,2
25.81,Plumber,High,Senior,38.15622121836761,high,2
23.35,Banker,High,Senior,26.332888752094664,high,1
8.33,Doctor,Medium,Middle Age,20.061728395061728,medium,1
49.77,Doctor,High,Middle Age,42.54199377220297,high,2
37.93,Engineer,Medium,Senior,41.6648392614359,high,1
11.63,Accountant,Medium,Senior,17.632096196092032,medium,2
14.81,Electrician,Medium,Middle Age,24.151672503320853,medium,1
36.58,Sales Manager,Medium,Senior,29.340039628105465,medium,3
14.44,Lab Technician,Low,Senior,20.312499999999996,low,2
22.57,Nurse,Medium,Senior,20.13476871862332,low,1
25.63,Plumber,High,Senior,30.120481927710845,high,2
12.76,HR Manager,Low,Middle Age,13.157534058825142,medium,1
39.22,Doctor,Medium,Middle Age,14.253995230393905,medium,1
46.96,Consultant,Low,Middle Age,22.15910864205237,low,1
28.29,Lawyer,Medium,Senior,24.221453287197235,low,1
33.84,Consultant,High,Middle Age,21.672110130948383,medium,2
43.87,Architect,Low,Middle Age,13.014938886373926,medium,2
34.02,Pharmacist,Medium,Senior,26.216410224399986,medium,2
20.46,Civil Servant,High,Senior,33.33187140914872,high,2
6.21,HR Manager,Low,Senior,24.691358024691358,low,3
24.35,Insurance Agent,Medium,Middle Age,18.125235115078144,high,1
6.56,Factory Worker,High,Middle Age,17.789706937985706,high,2
46.16,Carpenter,Medium,Middle Age,35.56394251705618,high,2
45.89,Shop Owner,Medium,Senior,22.985397512168742,low,2
21.86,Software Engineer,Low,Middle Age,32.769394909312595,high,2
47.17,Architect,High,Middle Age,28.93406890166274,high,2
42.01,Businessman,High,Senior,31.28092182961473,high,2
32.69,Chef,Medium,Senior,22.230987127541326,low,2
32.61,Architect,Low,Middle Age,25.499131944444446,medium,2
3.04,Software Engineer,Medium,Middle Age,27.727478497057493,high,2
19.17,Businessman,Low,Middle Age,22.460034350640772,low,1
26.19,Carpenter,Medium,Senior,21.705129432793896,low,1
9.64,Accountant,Medium,Middle Age,13.412228796844182,high,2
17.38,Shop Owner,Medium,Middle Age,18.93700290367378,medium,2
28.26,Content Writer,Low,Senior,24.61810377477591,low,1
45.82,Teacher,Medium,Middle Age,24.691358024691358,low,1
16.09,Civil Servant,Low,Middle Age,32.17993079584775,high,2
36.11,Real Estate Agent,Medium,Senior,25.71100826707804,high,2
40.73,Carpenter,Medium,Senior,20.498614958448755,low,1
21.65,Pharmacist,High,Middle Age,27.055150884495315,high,2
25.54,Doctor,Low,Middle Age,25.057360222195385,medium,1
16.45,Retail Manager,High,Senior,42.84972299168975,high,2
21.32,Banker,High,Senior,20.07378472222222,medium,1
25.43,Real Estate Agent,Low,Middle Age,19.26530612244898,low,2
6.51,Lab Technician,Low,Senior,18.699780861943022,low,2
14.07,Engineer,Low,Middle Age,20.32443825510934,low,2
7.64,Doctor,Low,Middle Age,16.76494392415308,medium,1
33.15,Consultant,Medium,Senior,23.25501863821347,low,2
29.1,Lab Technician,High,Middle Age,27.85200797922391,high,1
10.79,Accountant,Low,Middle Age,24.37673130193906,low,1
40.38,Government Employee,Medium,Senior,14.901387874360847,medium,3
29.15,HR Manager,High,Senior,18.870663376397157,medium,2
33.47,Real Estate Agent,Low,Senior,27.154894879762605,medium,2
5.88,Teacher,Medium,Senior,26.035502958579883,medium,3
48.36,Insurance Agent,Medium,Middle Age,26.880934989043094,medium,2
28.27,Carpenter,Medium,Senior,16.5406427221172,medium,1
26.6,Pharmacist,Low,Senior,19.713321527615356,low,1
5.49,Doctor,Medium,Senior,29.303134824944294,medium,1
17.37,Doctor,High,Senior,18.670934308794386,medium,1
32.61,Lab Technician,Medium,Senior,22.096807907073963,low,2
3.98,Data Analyst,Low,Middle Age,25.013520822065985,medium,2
47.17,Architect,Medium,Middle Age,29.384756657483933,medium,1
16.53,Sales Manager,Low,Middle Age,41.11842105263158,high,1
49.95,Engineer,Medium,Senior,18.612244897959183,low,2
4.68,Consultant,Low,Middle Age,25.127830533235937,medium,2
17.77,Government Employee,High,Middle Age,41.864240249476694,high,1
44.46,Teacher,High,Senior,33.07828527515119,high,2
47.44,Real Estate Agent,Medium,Middle Age,28.060018903591683,medium,2
36.21,Retail Manager,Medium,Middle Age,14.901387874360847,medium,1
43.78,Lab Technician,High,Senior,25.737081414967538,high,2
43.97,Teacher,High,Senior,38.541117286705344,high,2
47.68,Doctor,Medium,Senior,29.552549427679498,medium,1
33.62,Sales Manager,Medium,Senior,20.39542143600416,low,1
4.99,Banker,Low,Middle Age,19.37919743392696,low,2
31.97,Plumber,Medium,Senior,29.012345679012345,medium,1
9.01,Civil Servant,Low,Middle Age,19.925129815239703,low,1
29.62,Insurance Agent,High,Middle Age,13.882325141776937,high,2
36.53,Software Engineer,Low,Middle Age,29.33741144159046,medium,1
40.71,Content Writer,Medium,Senior,29.40759637188209,medium,1
28.33,Accountant,Low,Middle Age,24.677021338365513,low,2
30.04,Marketing Manager,Low,Middle Age,16.896235078053262,medium,2
33.4,Sales Manager,Medium,Senior,28.194284249647573,medium,2
5.18,Content Writer,Low,Middle Age,18.68512110726644,low,1
23.22,Accountant,Low,Middle Age,21.62162162162162,low,2
31.15,Insurance Agent,Low,Middle Age,23.19109461966605,low,2
42.53,Plumber,High,Senior,17.357001972386588,high,2
20.74,Lawyer,Medium,Senior,36.35734072022161,high,2
33.87,HR Manager,Low,Middle Age,23.711844630960897,low,2
20.78,Banker,High,Senior,18.06616733787497,high,1
17.94,Insurance Agent,Medium,Middle Age,17.915089237425637,high,1
39.68,Real Estate Agent,High,Middle Age,28.305995064595734,high,1
48.29,Sales Manager,Low,Middle Age,17.110020661157026,medium,2
31.49,Software Engineer,Medium,Middle Age,19.73176241814178,medium,1
24.14,Real Estate Agent,High,Middle Age,17.59259259259259,high,2
33.8,Businessman,Medium,Middle Age,28.387411861664784,medium,1
19.08,Marketing Manager,High,Senior,35.93749999999999,high,2
11.11,Banker,Medium,Middle Age,18.101807059704754,high,3
23.61,Marketing Manager,High,Middle Age,33.22653376053162,high,1
15.15,Architect,Medium,Middle Age,17.75568181818182,high,1
46.71,Marketing Manager,Low,Middle Age,18.132016511708652,medium,2
36.46,Pharmacist,High,Middle Age,34.0784616008763,high,1
40.44,Software Engineer,Medium,Middle Age,34.527089072543625,high,2
40.11,Carpenter,Low,Middle Age,20.17325264032277,low,1
19.1,Retail Manager,Medium,Middle Age,23.449340844748203,medium,1
3.48,Data Analyst,Medium,Senior,22.024322512687924,low,2
23.33,HR Manager,Medium,Senior,23.225431847873423,low,1
19.7,Plumber,Medium,Senior,25.806451612903224,high,2
29.22,Teacher,Medium,Middle Age,23.738662131519277,medium,2
12.76,Chef,Low,Middle Age,17.158054276645025,medium,1
7.89,Data Analyst,Medium,Middle Age,19.05197378448407,medium,2
37.72,Pharmacist,Medium,Senior,26.332888752094664,medium,1
24.61,HR Manager,High,Senior,18.078512396694215,high,2
13.57,Retail Manager,Low,Middle Age,24.59321112985787,low,2
41.07,Factory Worker,High,Senior,22.230987127541326,medium,2
7.6,Accountant,High,Senior,37.77777777777778,high,2
40.11,Plumber,Low,Middle Age,21.13885585942661,low,2
32.45,Lawyer,High,Senior,28.089010954714272,high,2
18.65,Pharmacist,Low,Middle Age,25.476660092044707,medium,1
8.99,Software Engineer,Medium,Middle Age,24.740937287102444,low,2
44.26,Doctor,Medium,Senior,25.507492826017643,medium,1
5.05,Teacher,Low,Middle Age,13.550855563821873,medium,1
45.79,Driver,High,Senior,18.991964937910883,medium,2
7.85,Marketing Manager,Low,Middle Age,14.682881675125282,medium,1
47.59,Chef,Low,Middle Age,24.543462381300216,low,1
14.21,Accountant,Low,Middle Age,22.724403484408533,low,2
35.16,Doctor,High,Senior,25.437480812245077,high,2
37.29,Civil Servant,Low,Middle Age,16.896235078053262,medium,2
30.41,Pharmacist,Low,Senior,12.597631645250694,medium,1
29.38,Civil Servant,Medium,Senior,18.73278236914601,medium,1
36.61,Consultant,Medium,Middle Age,25.45111384369012,medium,1
24.0,Consultant,Medium,Senior,29.025311319871417,medium,2
41.15,Doctor,Low,Middle Age,18.517804097064154,low,2
42.94,Insurance Agent,Medium,Middle Age,33.17773234057328,high,2
8.07,Sales Manager,Low,Middle Age,21.29529475392104,low,3
2.67,Government Employee,High,Middle Age,33.12130678610411,high,1
8.64,Shop Owner,Low,Middle Age,18.209876543209877,medium,2
26.16,Businessman,Medium,Senior,31.37798916633637,high,2
45.51,Factory Worker,High,Middle Age,32.2707877657858,high,1
16.04,Driver,High,Senior,16.276041666666668,medium,3
25.54,Software Engineer,Low,Middle Age,22.30935640886966,low,2
49.94,Doctor,High,Middle Age,22.877405702193368,medium,2
15.1,Engineer,High,Senior,30.477966223242138,high,2
40.3,Real Estate Agent,High,Senior,33.12601406165495,high,2
48.99,Engineer,High,Middle Age,14.012410992593438,high,2
38.53,HR Manager,Medium,Middle Age,40.15549574949806,high,2
43.39,Teacher,High,Senior,25.46401086464464,high,1
7.29,Nurse,Medium,Senior,41.551246537396125,high,2
42.45,Civil Servant,Medium,Senior,21.36686914318855,low,1
36.61,Factory Worker,Low,Senior,21.78649237472767,low,1
36.57,Engineer,High,Middle Age,32.40615716986227,high,2
20.74,Businessman,High,Senior,15.56133997283839,high,1
32.69,Banker,High,Senior,21.20310522895934,medium,1
16.41,Lawyer,Low,Middle Age,24.258674071946118,low,1
23.75,Sales Manager,Low,Middle Age,18.991964937910883,low,1
38.21,Data Analyst,Medium,Middle Age,17.82322863403944,medium,1
13.24,Insurance Agent,Medium,Senior,29.320987654320987,medium,2
16.03,Factory Worker,High,Senior,33.98437499999999,high,2
2.78,Shop Owner,Low,Middle Age,21.06162815542871,medium,2
38.37,Marketing Manager,Medium,Middle Age,26.897670187097027,medium,2
14.88,Data Analyst,Low,Middle Age,23.054562464499313,low,2
45.13,Insurance Agent,Low,Middle Age,23.046874999999996,low,2
23.08,Electrician,Medium,Middle Age,34.72222222222223,high,2
8.81,Architect,Medium,Senior,26.528510346119035,medium,2
38.45,Sales Manager,Medium,Senior,17.63668430335097,medium,1
19.01,Real Estate Agent,Low,Senior,18.73278236914601,low,1
25.31,Driver,High,Senior,20.478266613819528,medium,2
40.42,Accountant,Medium,Middle Age,41.864240249476694,high,1
22.05,Government Employee,High,Senior,15.302424226153724,high,1
22.78,Banker,Low,Middle Age,23.588329220496444,low,2
19.92,Electrician,Medium,Senior,15.74074074074074,medium,1
21.51,Sales Manager,High,Middle Age,13.88721168940949,high,2
5.67,Factory Worker,Low,Middle Age,27.141582391433676,medium,1
33.41,Civil Servant,High,Senior,20.549886621315196,medium,2
5.57,Content Writer,High,Senior,20.43615800229557,medium,2
16.79,Electrician,High,Middle Age,14.527376033057852,medium,2
31.3,Software Engineer,Medium,Senior,28.946124763705104,medium,2
25.92,Government Employee,Medium,Senior,30.642535669826675,high,2
42.92,Factory Worker,Medium,Middle Age,21.561909262759922,medium,2
5.89,Retail Manager,High,Middle Age,26.575890590940304,high,2
24.33,Civil Servant,Medium,Middle Age,22.694018931589476,medium,2
32.77,Banker,Low,Middle Age,12.877579015145153,medium,1
17.2,Civil Servant,Medium,Senior,34.0784616008763,high,1
5.65,Carpenter,Low,Middle Age,28.39506172839506,medium,2
5.14,Engineer,Low,Senior,20.808561236623067,low,3
24.36,Architect,High,Middle Age,30.062101973814325,high,2
42.7,Accountant,Medium,Senior,28.39506172839506,medium,2
28.84,Sales Manager,High,Senior,13.691642728663858,high,2
16.08,Driver,Low,Middle Age,31.992171327486922,high,2
24.62,Nurse,Medium,Middle Age,40.78768475066883,high,3
28.46,Pharmacist,Medium,Senior,17.903645833333332,medium,1
29.58,Chef,Medium,Middle Age,14.802225816178286,medium,1
14.47,Lawyer,Low,Middle Age,15.959653994701394,medium,3
24.37,Chef,Low,Middle Age,19.493177387914233,low,3
40.37,Civil Servant,Medium,Middle Age,23.26869806094183,medium,2
2.63,Government Employee,Low,Middle Age,17.17532038578412,medium,1
28.45,Shop Owner,Low,Middle Age,24.835646457268076,low,2
20.88,Retail Manager,High,Middle Age,31.09789075175771,high,2
2.75,Electrician,Low,Middle Age,24.187046492878256,low,3
30.07,Plumber,High,Middle Age,25.476660092044707,high,2
4.45,Doctor,Medium,Middle Age,20.715693808680545,medium,2
31.71,Sales Manager,High,Senior,36.64982060877281,high,2
10.01,Retail Manager,Low,Middle Age,17.577068685776098,medium,2
28.72,Banker,High,Middle Age,15.149602322939023,high,2
18.58,Shop Owner,Low,Senior,29.333333333333332,medium,2
4.42,Carpenter,Low,Middle Age,17.72211720226843,medium,2
42.36,Lab Technician,Low,Middle Age,27.99036281179139,medium,2
13.87,Banker,Low,Middle Age,28.086419753086417,medium,1
21.74,Teacher,Medium,Senior,18.49112426035503,medium,1
30.52,Electrician,Medium,Middle Age,33.77777777777778,high,1
39.79,Software Engineer,High,Senior,36.88509164816139,high,2
5.58,Engineer,Medium,Middle Age,38.59479847375115,high,2
8.76,Lab Technician,High,Senior,28.804413972169254,high,1
27.83,Carpenter,High,Middle Age,32.038578411943455,high,2
45.74,Teacher,Medium,Middle Age,32.62935207429452,high,1
22.93,Businessman,High,Senior,21.874999999999996,medium,1
32.05,Chef,Medium,Senior,33.247876942797625,high,2
5.88,Insurance Agent,High,Senior,35.9268398896792,high,2
14.41,Real Estate Agent,Medium,Middle Age,21.6712580348944,medium,2
34.84,Banker,Medium,Middle Age,28.40111107643332,medium,2
37.06,Marketing Manager,High,Senior,22.86236854138088,medium,2
33.57,Nurse,Medium,Middle Age,20.571428571428573,medium,1
2.88,Lawyer,High,Senior,40.269559500328725,high,2
25.98,Civil Servant,Medium,Senior,25.640242971826257,medium,2
34.61,Lawyer,Medium,Senior,25.77251808021039,medium,2
14.86,Content Writer,Low,Middle Age,19.94321254732288,low,1
36.8,Government Employee,Medium,Middle Age,26.22268470343392,medium,2
44.17,Architect,High,Senior,34.96357960457856,high,3
23.69,Retail Manager,Low,Middle Age,28.024821985186875,medium,2
39.67,HR Manager,High,Senior,24.88888888888889,medium,1
5.59,Data Analyst,Low,Senior,19.23947487550928,low,2
42.65,Retail Manager,Low,Middle Age,22.265624999999996,low,2
42.67,Carpenter,Medium,Senior,24.740937287102444,low,1
40.26,Businessman,Medium,Senior,16.298185941043087,medium,1
10.36,Factory Worker,Medium,Senior,30.00414951003862,high,2
2.49,Shop Owner,Medium,Senior,33.856571252693136,high,2
44.12,Shop Owner,Low,Middle Age,21.306818181818183,low,1
36.22,Civil Servant,Low,Middle Age,26.296566837107374,medium,2
44.1,Accountant,High,Middle Age,35.02926224956214,high,2
22.08,Businessman,Medium,Middle Age,23.59700420642249,medium,2
47.8,Accountant,Low,Middle Age,21.777553339224845,low,1
12.14,Accountant,High,Middle Age,31.624219935908247,high,2
19.25,Lawyer,Low,Middle Age,19.713321527615356,medium,2
2.92,Lawyer,Medium,Middle Age,14.19753086419753,high,2
7.43,Pharmacist,Medium,Senior,36.786519520588584,high,1
46.8,Content Writer,Medium,Senior,24.95659722222222,medium,2
26.59,Real Estate Agent,Low,Middle Age,22.22222222222222,low,2
31.8,Lab Technician,Medium,Senior,16.528925619834713,medium,1
21.47,Factory Worker,High,Middle Age,33.62208773387128,high,2
20.42,Civil Servant,Medium,Middle Age,13.960106311578835,medium,3
46.74,Retail Manager,Low,Middle Age,23.668639053254438,low,1
24.51,Banker,Medium,Senior,17.647058823529413,medium,1
49.0,Marketing Manager,Medium,Middle Age,23.795359904818564,medium,3
43.87,Retail Manager,Medium,Middle Age,28.692652849424622,medium,1
25.71,Engineer,Medium,Middle Age,36.84048945221701,high,1
36.6,Electrician,Low,Middle Age,23.140495867768596,medium,1
14.7,Doctor,Medium,Senior,16.415307274033037,medium,1
6.89,Banker,Medium,Senior,17.319119710949863,medium,2
13.14,Marketing Manager,High,Middle Age,35.10667026735079,high,1
16.36,Doctor,High,Middle Age,30.040816326530614,high,3
4.09,Driver,Low,Middle Age,29.968782518210194,high,1
38.71,Civil Servant,Medium,Middle Age,32.446723281525394,high,2
41.18,Shop Owner,Low,Middle Age,22.4058769513315,low,2
26.36,Government Employee,High,Middle Age,32.046146450889275,high,1
34.97,Shop Owner,Medium,Middle Age,23.306680053067517,medium,2
10.08,Marketing Manager,Low,Middle Age,31.31456611570248,high,2
33.66,Engineer,Low,Middle Age,29.64951156330951,medium,2
48.73,Lawyer,Medium,Senior,30.110990511536716,high,2
19.5,Pharmacist,Low,Middle Age,29.053287981859416,medium,3
37.08,Data Analyst,Medium,Senior,23.183673469387756,low,2
36.98,Civil Servant,Medium,Middle Age,31.934968790825955,high,1
21.96,Retail Manager,Medium,Middle Age,24.307243558580453,medium,1
22.73,Driver,Low,Middle Age,21.7335354170837,low,2
13.46,HR Manager,Low,Senior,18.792450804048432,low,2
8.08,Government Employee,Low,Middle Age,21.29529475392104,low,1
48.81,Marketing Manager,Low,Middle Age,23.301094832264035,low,3
6.02,Accountant,Low,Middle Age,19.986850756081527,low,1
36.19,Consultant,Low,Middle Age,24.96494647925858,medium,2
25.01,Engineer,Low,Middle Age,19.59631589261219,low,2
39.2,Banker,Medium,Middle Age,30.102118579484827,high,1
45.58,Shop Owner,Medium,Senior,24.489795918367346,low,1
33.58,Pharmacist,Low,Middle Age,22.95908765854944,low,2
47.59,HR Manager,Low,Middle Age,21.380992845590857,low,1
27.36,Electrician,Low,Middle Age,21.913805697589478,low,2
2.96,Pharmacist,Low,Middle Age,15.033960643238744,medium,2
3.15,HR Manager,Low,Middle Age,27.137413996326856,medium,1
21.05,Banker,High,Middle Age,29.000594883997625,high,1
5.85,Accountant,High,Senior,25.725517400855587,high,2
17.18,Insurance Agent,Medium,Middle Age,17.903645833333332,high,2
36.46,Chef,High,Senior,17.181669306558565,high,2
45.89,Real Estate Agent,High,Senior,20.796729893506402,medium,2
10.65,Plumber,High,Senior,22.395789591556788,medium,2
39.58,Doctor,Low,Middle Age,26.869806094182827,medium,2
26.61,Chef,Medium,Middle Age,17.783249546869126,medium,1
17.28,Data Analyst,High,Middle Age,13.997368494722993,high,2
34.43,Accountant,Low,Middle Age,22.408786769347305,low,2
25.47,Teacher,Medium,Middle Age,17.54187415119964,medium,2
6.31,Consultant,Medium,Middle Age,28.54828131630724,medium,3
21.25,Lab Technician,Low,Senior,22.839506172839506,low,2
6.73,Shop Owner,Low,Senior,23.372576177285318,low,1
35.46,Lab Technician,Medium,Middle Age,33.732501264968796,high,3
44.88,Content Writer,Medium,Senior,17.746228926353147,medium,2
5.39,Carpenter,Medium,Senior,28.037923459359458,medium,1
25.0,Architect,Medium,Middle Age,21.705129432793896,medium,2
23.92,Chef,Low,Middle Age,29.320987654320987,medium,2
31.46,Data Analyst,Medium,Senior,22.743383742911153,low,2
19.56,HR Manager,Medium,Middle Age,29.745808545159548,high,2
22.03,Plumber,Medium,Middle Age,20.134779750164363,medium,1
20.28,Marketing Manager,High,Senior,19.883853048857468,medium,2
14.9,Doctor,Medium,Middle Age,15.777940102264425,high,2
47.46,Carpenter,Low,Middle Age,18.507766003774133,low,2
47.26,Insurance Agent,High,Middle Age,16.81857638888889,high,1
30.43,Carpenter,High,Senior,20.957171162932475,medium,2
44.3,Electrician,High,Senior,26.029877772747852,high,2
39.93,Marketing Manager,Medium,Middle Age,29.036737785633125,medium,2
21.66,Data Analyst,Medium,Middle Age,17.99816345270891,medium,1
28.17,Chef,High,Middle Age,37.18207349392824,high,2
7.63,Content Writer,Low,Middle Age,32.89329415376518,high,2
31.17,Nurse,High,Middle Age,20.512820512820515,medium,2
23.82,Government Employee,High,Senior,21.04804761213529,medium,3
15.64,Lab Technician,Low,Middle Age,25.766837531865903,medium,2
41.28,Lawyer,Low,Middle Age,16.473589116803062,medium,1
22.74,Plumber,High,Middle Age,25.737081414967538,high,2
28.35,Insurance Agent,Low,Senior,23.931623931623932,low,2
32.82,Banker,High,Senior,21.22000905387053,medium,2
18.3,Real Estate Agent,High,Senior,13.735844449192637,high,1
25.74,Sales Manager,Medium,Middle Age,15.56133997283839,medium,1
7.6,Electrician,Low,Middle Age,15.31969013758816,medium,1
20.54,Real Estate Agent,Medium,Senior,19.46088099934254,low,2
28.11,Nurse,Medium,Middle Age,34.80874965389027,high,2
15.16,HR Manager,Low,Middle Age,33.74945565394107,high,1
49.32,Accountant,Low,Senior,21.773842357381334,low,2
32.34,Consultant,Medium,Middle Age,33.77777777777778,high,2
40.15,Electrician,Low,Middle Age,23.233456176894723,low,1
22.38,Content Writer,Medium,Middle Age,25.127830533235937,medium,2
36.2,Plumber,High,Middle Age,41.009867999487376,high,2
18.27,Sales Manager,Low,Senior,19.39632266978425,low,2
18.33,Retail Manager,Low,Middle Age,24.515595463137995,low,2
3.18,Businessman,Low,Middle Age,39.036817882971725,high,2
25.59,Marketing Manager,Medium,Middle Age,21.49959688255845,medium,1
35.07,Government Employee,High,Middle Age,31.17913832199547,high,1
46.64,Insurance Agent,Low,Middle Age,24.910767400356935,medium,2
37.3,Carpenter,Low,Middle Age,13.014938886373926,medium,1
47.16,Businessman,Low,Senior,20.820939916716245,low,1
48.91,Shop Owner,High,Senior,20.811654526534856,medium,1
16.69,Software Engineer,Low,Middle Age,23.875114784205696,low,2
5.14,Government Employee,Low,Middle Age,18.19657904313989,medium,2
25.68,Sales Manager,High,Senior,34.22222222222222,high,2
29.14,Engineer,Low,Middle Age,15.608740894901143,medium,2
12.7,Civil Servant,Medium,Senior,18.19657904313989,medium,2
5.11,Carpenter,Low,Middle Age,24.088223117166624,low,2
4.23,Pharmacist,Medium,Middle Age,30.470521541950117,high,1
12.56,HR Manager,High,Middle Age,36.43664485425343,high,2
6.63,HR Manager,Low,Middle Age,16.493958191401628,medium,2
34.23,Businessman,Low,Middle Age,15.292905964233327,medium,3
25.27,Software Engineer,Medium,Senior,22.31905622276544,low,2
2.46,Insurance Agent,High,Senior,33.09042236763832,high,1
8.59,Software Engineer,High,Senior,25.680074054167036,high,2
8.69,Shop Owner,Medium,Middle Age,14.19753086419753,high,1
9.6,Accountant,Medium,Middle Age,32.89329415376518,high,1
13.46,Sales Manager,Medium,Senior,14.228569894493813,medium,2
7.37,HR Manager,High,Senior,21.306818181818183,medium,1
22.24,Government Employee,High,Middle Age,16.483013339031164,high,1
15.2,Data Analyst,Low,Middle Age,19.597841552793366,low,2
45.42,Data Analyst,High,Middle Age,16.066481994459835,high,1
28.25,Consultant,High,Senior,19.80251736111111,medium,2
19.29,Lab Technician,Low,Middle Age,27.94309769197271,medium,1
45.17,Civil Servant,Medium,Senior,27.727478497057493,medium,2
3.47,Insurance Agent,Medium,Senior,13.735844449192637,medium,2
23.96,Electrician,High,Middle Age,37.52740765727779,high,2
20.18,Carpenter,Medium,Middle Age,35.75595618954421,high,2
20.89,Doctor,High,Senior,31.346938775510203,high,2
4.94,Factory Worker,Low,Senior,19.607156612163443,low,1
11.62,Marketing Manager,Medium,Middle Age,16.76494392415308,medium,1
13.55,Marketing Manager,Medium,Senior,15.359168241965973,medium,2
46.71,Government Employee,Medium,Senior,26.25958474843318,medium,1
35.11,Content Writer,High,Senior,24.435186668803073,medium,2
33.48,Nurse,Low,Senior,19.72386587771203,low,1
8.08,Plumber,Low,Senior,18.864916569242215,medium,2
38.13,Government Employee,Medium,Middle Age,24.088223117166624,medium,1
11.33,Accountant,Low,Senior,24.441802087462015,low,2
29.4,Content Writer,Low,Middle Age,24.444444444444443,medium,2
23.39,Teacher,High,Senior,36.68409512565357,high,2
25.28,Pharmacist,Medium,Middle Age,16.872086705367607,medium,2
29.0,Carpenter,Low,Middle Age,24.898143956541425,low,2
20.81,Accountant,High,Middle Age,21.50188648626719,medium,2
8.63,Shop Owner,Medium,Middle Age,36.26243885984146,high,1
44.2,Factory Worker,High,Senior,36.0,high,2
16.06,Lawyer,Medium,Senior,24.879178701135288,medium,2
43.36,Content Writer,Medium,Senior,20.9572742022715,low,2
38.32,Retail Manager,Low,Middle Age,21.490285513793253,low,1
29.05,Civil Servant,Medium,Middle Age,23.18339100346021,medium,2
15.85,Plumber,High,Senior,21.093749999999996,medium,2
43.39,Content Writer,Medium,Senior,20.936639118457304,low,1
17.82,Government Employee,Medium,Senior,33.386558281318045,high,3
5.17,Electrician,Medium,Senior,35.26170798898072,high,2
30.97,Accountant,Low,Middle Age,21.296296296296294,low,1
28.16,Shop Owner,High,Senior,15.640460914807365,medium,1
6.41,Real Estate Agent,Low,Middle Age,27.39817568244846,medium,2
44.97,Driver,High,Middle Age,16.91320572364359,high,2
5.45,Accountant,Medium,Middle Age,12.742382271468145,medium,1
12.63,Nurse,Medium,Middle Age,26.314635323012148,high,1
30.62,Nurse,Medium,Senior,25.390624999999996,medium,1
29.99,Lawyer,High,Senior,26.666666666666668,high,2
6.92,Teacher,Medium,Senior,12.080861231173992,medium,1
47.99,Data Analyst,High,Senior,23.095409007209515,low,2
7.53,Carpenter,Medium,Middle Age,19.531249999999996,medium,1
14.33,Architect,High,Senior,27.21730294672667,high,2
35.57,Chef,Low,Senior,25.990903183885642,medium,3
27.27,Chef,Medium,Senior,16.787190082644628,medium,1
18.63,Insurance Agent,Medium,Senior,14.253995230393905,medium,2
10.18,Nurse,Low,Middle Age,26.004382761139514,medium,2
44.28,Engineer,Low,Senior,20.964360587002094,low,3
8.04,Lab Technician,Low,Middle Age,18.92915089237426,low,2
14.02,Engineer,Low,Senior,24.218749999999996,low,2
9.02,Doctor,High,Middle Age,33.77044866453226,high,2
32.45,Plumber,Low,Middle Age,24.524346347059055,low,1
15.27,Insurance Agent,Low,Middle Age,26.59266967279454,medium,2
2.68,Data Analyst,Medium,Senior,27.60945175517229,medium,2
47.95,HR Manager,Low,Middle Age,24.187046492878256,low,1
4.12,Nurse,Low,Middle Age,14.42960615663196,medium,1
19.14,Chef,Low,Middle Age,36.579789666209415,high,3
12.52,Pharmacist,Low,Senior,20.6758034026465,low,1
37.07,Data Analyst,Low,Middle Age,20.227025721531216,low,1
20.29,Shop Owner,Low,Middle Age,26.502116213757365,medium,3
47.03,Content Writer,High,Senior,39.95837669094693,high,2
19.27,Nurse,Medium,Senior,16.946676406135865,medium,2
12.73,Banker,Low,Middle Age,21.25624402168137,low,2
48.97,Businessman,Medium,Middle Age,25.510204081632658,medium,2
11.04,Pharmacist,Low,Middle Age,23.719609250647608,low,1
23.67,Government Employee,High,Senior,30.73941661933242,high,1
42.32,Data Analyst,Medium,Middle Age,27.117768595041323,medium,2
46.36,Engineer,Low,Middle Age,21.63331530557058,low,1
24.36,Pharmacist,Low,Senior,21.705129432793896,low,2
4.54,Government Employee,Medium,Senior,18.25310978907518,medium,2
23.7,Sales Manager,Low,Senior,22.819404547773097,low,2
35.49,Real Estate Agent,Low,Middle Age,17.426748582230623,medium,2
38.68,Accountant,Low,Senior,20.195092211553114,low,1
45.2,Shop Owner,High,Middle Age,25.766837531865903,high,2
17.65,Pharmacist,Medium,Middle Age,29.585798816568044,high,1
8.72,Teacher,High,Middle Age,38.87393737451408,high,1
22.41,Content Writer,Low,Senior,21.338210638622158,low,1
25.72,Electrician,Low,Middle Age,23.244594535327398,low,1
4.15,Teacher,Low,Senior,19.735976492259113,low,1
47.78,Sales Manager,Medium,Senior,22.79032897344431,low,2
24.93,Architect,Low,Middle Age,24.930747922437675,medium,2
49.91,Lab Technician,High,Senior,43.41914828297004,high,2
35.03,Doctor,High,Middle Age,26.493025631204315,high,2
48.12,Government Employee,Low,Middle Age,23.91327452439154,low,2
4.25,Architect,Low,Senior,26.035105400184765,medium,2
14.63,Driver,Medium,Senior,35.15624999999999,high,1
22.56,Sales Manager,Low,Middle Age,17.746228926353147,medium,2
14.98,Accountant,Medium,Senior,31.138985132231042,high,3
28.86,Engineer,High,Middle Age,16.302378939741576,high,3
13.28,Carpenter,High,Senior,21.745550216113184,medium,2
39.63,Civil Servant,Medium,Middle Age,15.56133997283839,medium,1
14.63,Real Estate Agent,Low,Middle Age,19.444444444444443,low,3
21.8,Civil Servant,High,Senior,32.36854981369265,high,2
8.31,Civil Servant,High,Middle Age,34.927679158448385,high,2
43.68,Content Writer,High,Middle Age,32.847300112161506,high,2
41.39,Electrician,High,Middle Age,26.346494034400994,high,2
25.97,Engineer,Low,Senior,18.870663376397157,low,2
46.64,Shop Owner,Low,Middle Age,19.230182228869694,low,2
36.93,Software Engineer,Medium,Middle Age,23.66691015339664,medium,2
2.46,Carpenter,Low,Middle Age,22.205989773557338,low,2
20.45,Carpenter,High,Senior,34.54734651404786,high,1
31.87,Content Writer,Medium,Middle Age,14.012410992593438,medium,3
42.36,Marketing Manager,Low,Middle Age,20.07774787474903,low,2
3.16,Software Engineer,Low,Senior,24.343809494085704,low,1
37.36,Pharmacist,Medium,Middle Age,36.888888888888886,high,2
21.71,Content Writer,Medium,Middle Age,28.060018903591683,medium,2
13.55,Architect,Medium,Senior,27.58020031934969,medium,2
4.48,Teacher,Low,Middle Age,25.039918710988534,medium,1
19.05,Businessman,High,Senior,27.041644131963228,high,2
37.51,Factory Worker,High,Middle Age,37.165192874535435,high,1
18.79,Marketing Manager,Low,Middle Age,28.068944344546292,medium,2
37.21,Nurse,High,Senior,27.77427092538821,high,2
38.46,Chef,Medium,Middle Age,33.09042236763832,high,2
31.27,Shop Owner,Medium,Middle Age,43.41914828297004,high,2
45.62,Civil Servant,High,Middle Age,26.83518005540166,high,2
11.73,Lawyer,Medium,Middle Age,25.94548395958609,medium,1
45.02,Insurance Agent,Medium,Senior,25.592209980961893,medium,1
25.3,Marketing Manager,Medium,Middle Age,18.301924561754696,medium,1
21.88,Retail Manager,Medium,Senior,20.284531674022094,low,2
48.75,Data Analyst,Medium,Senior,27.70083102493075,medium,1
27.93,Driver,High,Senior,36.06484235574064,high,3
34.99,Accountant,Medium,Senior,26.92743764172336,medium,2
26.95,Software Engineer,Medium,Middle Age,34.67459228776101,high,1
33.16,Driver,Low,Middle Age,26.004382761139514,medium,2
4.58,Nurse,Medium,Senior,31.435911303407252,high,2
29.87,Shop Owner,Low,Senior,19.467401285583104,low,1
24.61,Carpenter,Medium,Senior,24.720578566732414,low,2
38.68,Banker,Medium,Middle Age,28.228386465429637,medium,2
7.53,Accountant,Medium,Senior,25.2465483234714,medium,2
24.12,Consultant,Medium,Middle Age,15.321267834913337,medium,1
38.55,Driver,Low,Middle Age,23.98687034465345,low,2
35.98,Chef,Medium,Senior,20.04744562130375,low,1
39.3,Insurance Agent,Low,Middle Age,28.373702422145332,medium,1
37.45,Architect,Medium,Senior,18.067807418429165,medium,1
11.09,Sales Manager,High,Senior,22.460034350640772,medium,2
5.75,Lawyer,Low,Middle Age,17.577068685776098,medium,2
16.4,Marketing Manager,Medium,Senior,26.303618915481554,high,2
9.87,Marketing Manager,Low,Middle Age,37.655817174515235,high,1
26.38,Pharmacist,Medium,Middle Age,28.73469387755102,medium,2
3.17,Businessman,Medium,Middle Age,20.32443825510934,medium,2
7.11,Pharmacist,Low,Middle Age,19.723865877712033,low,1
11.21,Content Writer,Low,Middle Age,23.93948099205209,low,1
41.69,Insurance Agent,Medium,Senior,40.25277008310249,high,2
42.21,Banker,Low,Middle Age,22.839506172839506,low,2
28.46,Consultant,Low,Middle Age,18.974531961544947,low,2
38.74,Consultant,Medium,Middle Age,30.407626561472714,high,1
31.88,Factory Worker,Medium,Senior,24.898143956541425,low,1
36.81,Civil Servant,Medium,Senior,32.95068027210885,high,1
14.8,Civil Servant,Low,Middle Age,19.43301326017375,low,2
46.48,Real Estate Agent,Medium,Middle Age,27.309968138370508,medium,3
31.11,Architect,High,Senior,32.038578411943455,high,2
45.66,Civil Servant,High,Senior,32.34681737061273,high,2
2.32,Software Engineer,Medium,Senior,23.087868130688072,medium,2
37.06,Plumber,High,Middle Age,38.22222222222222,high,1
31.09,Engineer,High,Senior,29.06879615089044,high,2
28.59,Banker,Medium,Middle Age,16.17280228063924,medium,2
14.07,Lab Technician,Low,Middle Age,36.26243885984146,high,1
40.91,Chef,Low,Middle Age,21.258503401360546,low,1
41.86,Banker,Medium,Senior,31.22945430637738,high,2
45.44,Data Analyst,Medium,Senior,26.588750913075234,medium,1
26.17,Lab Technician,Medium,Middle Age,14.146672702580354,medium,1
30.07,HR Manager,Medium,Middle Age,14.044505477357136,medium,1
2.97,Carpenter,Low,Senior,28.39506172839506,medium,1
35.27,Businessman,Low,Senior,23.243801652892564,low,2
8.57,Government Employee,Low,Senior,23.83300460223537,low,1
39.29,Engineer,High,Middle Age,36.71874999999999,high,2
10.6,Accountant,Medium,Middle Age,37.949063923089895,high,2
31.45,Electrician,Low,Middle Age,25.180785123966942,medium,2
22.88,Marketing Manager,Low,Middle Age,26.029877772747852,medium,1
12.47,Marketing Manager,Low,Middle Age,34.0784616008763,high,3
2.94,Businessman,Low,Middle Age,25.381468541909282,medium,2
42.56,Software Engineer,Medium,Middle Age,33.310844999156686,high,3
17.0,Factory Worker,Low,Middle Age,29.06877329776684,medium,2
48.67,Electrician,Medium,Middle Age,34.72222222222223,high,3
16.1,Teacher,Medium,Middle Age,24.453568409612362,medium,1
31.83,Data Analyst,Medium,Senior,17.959183673469386,medium,1
23.37,Real Estate Agent,Low,Middle Age,17.043302613306402,medium,2
38.85,Civil Servant,Medium,Middle Age,28.408163265306122,medium,1
22.84,Plumber,Low,Middle Age,18.77834467120182,low,1
35.27,Shop Owner,High,Middle Age,28.54828131630724,high,2
38.54,Lab Technician,Medium,Middle Age,23.91327452439154,medium,2
26.05,Factory Worker,Low,Middle Age,20.775623268698062,low,2
39.64,Factory Worker,Low,Middle Age,40.47900151796256,high,1
9.05,HR Manager,Low,Middle Age,23.795359904818564,low,1
18.82,Doctor,Low,Middle Age,23.030045351473927,low,2
49.71,Driver,Low,Middle Age,17.903645833333332,medium,1
10.78,HR Manager,Medium,Middle Age,26.493025631204315,high,1
23.83,Lab Technician,Medium,Senior,17.474717430101133,medium,2
37.12,Consultant,Low,Middle Age,24.910767400356935,medium,2
4.34,Real Estate Agent,High,Middle Age,17.374452871796585,high,2
17.94,Carpenter,Low,Senior,21.192742415229034,low,1
45.27,Electrician,Low,Middle Age,21.926125822229718,low,2
16.01,Insurance Agent,Low,Senior,24.031709372366656,low,1
30.39,Electrician,Medium,Middle Age,39.111111111111114,high,1
3.62,Factory Worker,Low,Senior,21.208448753462605,low,1
31.29,Accountant,High,Senior,27.764650283553873,high,3
13.69,Government Employee,Low,Middle Age,31.63739669421488,high,1
42.33,Consultant,Medium,Senior,13.149243918474689,medium,2
47.96,Teacher,Medium,Senior,16.22920632939047,medium,3
47.44,Data Analyst,Medium,Middle Age,14.527376033057852,medium,1
38.74,Retail Manager,Medium,Senior,19.494328922495274,low,2
33.84,Doctor,Medium,Middle Age,21.63114885435026,medium,2
29.31,Civil Servant,Medium,Senior,18.749999999999996,low,3
8.16,Insurance Agent,High,Senior,17.846519928613922,high,1
18.09,Banker,Medium,Middle Age,21.296296296296294,medium,2
22.09,Shop Owner,High,Middle Age,31.246054791061734,high,2
8.26,Lab Technician,Medium,Middle Age,30.85399449035813,high,2
8.63,Pharmacist,High,Middle Age,39.25652940233936,high,2
33.91,Nurse,Medium,Senior,14.91970486111111,medium,2
48.47,Retail Manager,Low,Middle Age,21.158854166666668,low,1
41.93,Banker,Low,Senior,17.43285123966942,medium,1
29.37,Factory Worker,Low,Middle Age,19.257028815517668,low,1
48.56,Retail Manager,Low,Middle Age,26.555965935105768,medium,2
12.15,Retail Manager,Medium,Senior,15.193571950328705,medium,1
36.35,Nurse,High,Senior,35.055631763450684,high,1
33.55,Content Writer,High,Middle Age,15.567290375751655,high,2
19.09,Architect,High,Senior,24.96494647925858,high,2
3.35,Real Estate Agent,Low,Senior,18.83656509695291,low,2
46.55,Retail Manager,Medium,Middle Age,23.095409007209515,medium,2
24.36,Sales Manager,High,Senior,40.25277008310249,high,2
4.94,Teacher,High,Senior,16.105878645705683,high,1
36.3,Businessman,Low,Senior,21.224489795918366,low,1
22.51,Lawyer,Medium,Middle Age,32.00731595793324,high,2
5.48,Shop Owner,High,Senior,27.58020031934969,high,2
40.46,Data Analyst,High,Middle Age,13.882325141776937,high,2
37.02,Electrician,High,Middle Age,27.734374999999993,high,2
43.67,Architect,High,Middle Age,28.982007003985025,high,2
16.85,Civil Servant,Medium,Middle Age,23.828124999999996,medium,1
14.52,Government Employee,High,Senior,31.975014872099948,high,1
36.38,Government Employee,Medium,Senior,33.53147386069196,high,2
28.99,Government Employee,High,Middle Age,26.061679307694877,high,1
43.88,Retail Manager,Low,Middle Age,23.711844630960897,low,2
32.03,Pharmacist,Medium,Senior,14.930275612887812,high,1
23.6,Software Engineer,Medium,Middle Age,38.764289387286894,high,2
15.06,Consultant,Medium,Senior,17.632096196092032,medium,2
42.54,Nurse,Medium,Middle Age,33.856571252693136,high,1
8.6,Government Employee,Low,Middle Age,38.19297095019482,high,1
25.1,Civil Servant,Low,Middle Age,24.840980089578082,low,2
2.06,Shop Owner,Medium,Senior,27.170771187420506,medium,3
26.05,Lab Technician,Medium,Middle Age,17.056176513282043,medium,1
41.89,Doctor,Medium,Middle Age,12.097304404996713,medium,2
33.69,Insurance Agent,High,Middle Age,36.888888888888886,high,2
23.74,Factory Worker,High,Middle Age,27.732299776136855,high,2
13.83,Driver,Medium,Middle Age,37.10575139146568,high,1
22.48,Banker,High,Middle Age,20.0,medium,1
40.89,Teacher,Medium,Middle Age,20.775623268698062,medium,2
6.63,Marketing Manager,Low,Middle Age,26.88095170007721,medium,2
25.67,Electrician,Medium,Middle Age,32.05128205128205,high,1
38.21,Banker,Medium,Senior,20.134779750164363,low,3
24.59,Consultant,Medium,Senior,22.647376960519203,low,1
12.83,Doctor,Medium,Senior,13.157526385039613,medium,2
30.47,Retail Manager,High,Senior,18.902038132807363,medium,3
7.94,Teacher,High,Middle Age,33.51458568448412,high,2
6.8,Carpenter,Medium,Middle Age,17.802104368158147,high,1
16.46,Lawyer,Low,Senior,20.820939916716245,low,2
45.6,Civil Servant,Low,Middle Age,32.95068027210885,high,1
2.42,Plumber,Medium,Senior,29.760837606224676,medium,1
24.89,Nurse,Medium,Middle Age,30.26183062146397,high,1
44.78,Content Writer,Medium,Senior,28.40909090909091,medium,1
12.94,Insurance Agent,Low,Middle Age,14.082261664363907,medium,2
19.74,Shop Owner,Low,Middle Age,28.40550435551067,medium,2
22.3,Engineer,Low,Middle Age,23.507805325987146,low,1
14.83,Carpenter,High,Senior,20.82999519307803,medium,2
17.17,Banker,Low,Middle Age,17.509962564907617,medium,2
48.84,Doctor,Medium,Senior,25.2465483234714,medium,2
44.39,Consultant,High,Middle Age,28.256989886972047,high,2
49.14,Software Engineer,Medium,Middle Age,30.75987020010817,high,2
12.3,Government Employee,Low,Middle Age,22.12973972783723,low,2
21.83,Retail Manager,Low,Middle Age,20.061728395061728,low,2
7.42,Lawyer,Low,Senior,24.543462381300216,low,2
9.08,Civil Servant,Medium,Senior,35.883634499551455,high,2
47.28,Electrician,High,Senior,19.52240832956089,medium,2
17.94,Sales Manager,Medium,Middle Age,18.72417355371901,medium,1
25.37,Carpenter,Medium,Senior,25.969529085872576,medium,1
39.28,Businessman,High,Senior,27.727478497057493,high,2
28.85,Carpenter,High,Senior,25.77251808021039,high,2
2.79,Pharmacist,Low,Middle Age,16.464359504132233,medium,2
4.48,Architect,Medium,Middle Age,18.446180555555557,high,2
10.32,Engineer,Low,Middle Age,25.766837531865903,medium,1
36.5,Software Engineer,Low,Middle Age,23.243801652892564,low,2
44.34,Lawyer,Low,Middle Age,24.55775234131113,low,1
27.46,Doctor,Low,Middle Age,25.96454217209623,medium,2
31.53,Content Writer,Low,Middle Age,18.974531961544947,low,2
2.16,Chef,Low,Middle Age,38.946813258144346,high,3
9.02,Teacher,Low,Middle Age,15.65453686200378,medium,2
33.59,Consultant,High,Middle Age,25.3069320474676,high,2
6.4,Nurse,Low,Senior,23.510204081632654,low,2
38.56,Data Analyst,Medium,Middle Age,18.77834467120182,medium,2
39.57,Teacher,High,Senior,30.863035868869737,high,1
9.92,Insurance Agent,High,Middle Age,28.408163265306122,high,2
47.41,Sales Manager,High,Senior,18.015956990477278,high,2
11.17,Content Writer,Low,Middle Age,31.626276482243554,high,2
29.19,Driver,Medium,Senior,19.62826470116968,low,1
34.59,Plumber,Low,Middle Age,18.289894833104707,medium,2
39.59,Civil Servant,High,Senior,26.709401709401707,high,1
48.31,Sales Manager,Low,Middle Age,16.105878645705683,medium,2
34.64,Consultant,Medium,Senior,17.908855357415025,medium,2
49.55,Teacher,Low,Senior,19.80251736111111,low,3
43.81,Retail Manager,Medium,Senior,12.73200543232232,medium,2
8.5,Engineer,Low,Middle Age,20.512820512820515,low,3
44.15,Chef,Medium,Senior,18.218322427126715,medium,2
41.55,Content Writer,Medium,Middle Age,27.47138397502601,medium,2
34.58,Government Employee,Medium,Middle Age,12.33518818014857,medium,1
34.33,Architect,Low,Senior,18.924941241109856,low,2
18.85,Sales Manager,High,Senior,26.05835362467427,high,2
49.33,Data Analyst,High,Senior,23.624447492760247,medium,3
16.1,Lab Technician,Medium,Senior,28.082170873904946,medium,2
41.26,Shop Owner,Low,Middle Age,20.37120869171571,medium,3
9.7,Engineer,Medium,Senior,27.45982194473349,medium,2
12.15,Plumber,Low,Middle Age,28.40111107643332,medium,2
7.11,Architect,Medium,Senior,15.624571694854856,medium,1
41.07,Real Estate Agent,Low,Middle Age,22.86236854138088,low,2
6.45,Electrician,Medium,Senior,26.287807183364837,medium,2
32.19,Doctor,High,Senior,24.96494647925858,high,2
36.95,Driver,Medium,Middle Age,34.33509509663978,high,3
6.01,Businessman,High,Middle Age,35.10667026735079,high,2
31.79,Engineer,Medium,Middle Age,12.73200543232232,medium,1
46.7,Software Engineer,Low,Middle Age,23.054562464499313,low,1
10.77,Consultant,Medium,Middle Age,26.370238143535232,high,1
33.27,Lawyer,Medium,Senior,17.569651116927822,medium,2
12.68,Doctor,High,Middle Age,14.127423822714682,high,2
47.09,Lab Technician,Medium,Senior,22.408786769347305,low,1
22.77,Software Engineer,Low,Middle Age,25.96454217209623,medium,2
5.89,Plumber,Low,Senior,23.48347668628339,low,2
28.54,Electrician,Medium,Senior,16.014183991535358,medium,2
3.9,HR Manager,Low,Middle Age,17.72211720226843,medium,2
32.18,Banker,Medium,Senior,27.146814404432135,medium,2
44.35,Government Employee,High,Senior,26.722872520606725,high,2
4.14,Factory Worker,Low,Middle Age,18.359374999999996,medium,1
27.99,Retail Manager,High,Middle Age,34.484157572315304,high,3
17.72,Marketing Manager,Low,Middle Age,29.372397382510414,medium,1
10.44,Teacher,Low,Middle Age,23.620287912158062,low,2
27.17,Accountant,Medium,Senior,17.270698267616112,medium,2
8.21,Doctor,High,Middle Age,28.068944344546292,high,3
36.0,Lab Technician,Medium,Senior,25.039918710988534,medium,2
6.68,Content Writer,Low,Middle Age,15.65453686200378,medium,2
9.78,HR Manager,Low,Middle Age,24.049343594386603,low,2
48.91,Real Estate Agent,High,Senior,30.84627667295689,high,2
29.87,Driver,Low,Middle Age,23.87543252595156,low,2
17.37,Banker,High,Senior,27.660095935016283,high,1
27.68,Nurse,Medium,Middle Age,29.705644072373747,high,1
38.68,Lab Technician,High,Middle Age,18.42403628117914,high,2
31.41,Lab Technician,Medium,Senior,28.086419753086417,medium,1
38.03,Banker,High,Senior,12.34932481408897,high,1
30.21,Electrician,Medium,Senior,21.928862769176792,low,2
4.64,Electrician,High,Middle Age,29.270994027135,high,3
30.57,HR Manager,High,Middle Age,14.163487108336222,high,1
5.36,Plumber,Low,Middle Age,20.06920415224914,low,1
12.2,Plumber,Low,Middle Age,19.25998263888889,low,3
44.88,Content Writer,Low,Senior,27.763429752066116,medium,2
47.26,Lawyer,Medium,Senior,19.736301088237713,low,3
47.07,Banker,Low,Middle Age,16.070124178232284,medium,3
44.62,Real Estate Agent,High,Middle Age,25.86451247165533,high,3
31.55,Content Writer,Medium,Middle Age,37.5923789995301,high,2
34.63,Carpenter,High,Senior,32.326530612244895,high,2
46.74,Factory Worker,High,Senior,35.41912632821724,high,2
3.82,Insurance Agent,Low,Middle Age,16.483013339031164,medium,1
28.55,Engineer,Low,Middle Age,21.15529420201513,low,2
23.3,Lawyer,Medium,Senior,27.117768595041323,medium,3
26.59,Data Analyst,High,Middle Age,18.25631871475516,high,2
11.44,Software Engineer,Low,Senior,24.690405462752206,low,1
15.99,Teacher,High,Middle Age,16.693073789044817,high,1
12.95,Doctor,Low,Middle Age,19.462185795345523,low,3
36.03,Plumber,Medium,Middle Age,23.76543209876543,medium,2
43.68,Pharmacist,Medium,Middle Age,34.367913832199555,high,1
29.02,Nurse,High,Middle Age,34.64760317529933,high,2
34.35,Lab Technician,High,Senior,38.59479847375115,high,2
20.07,Pharmacist,Medium,Senior,14.863258026159334,medium,2
3.8,Retail Manager,High,Senior,17.35673693345651,high,2
44.08,Electrician,High,Middle Age,16.262975778546714,high,1
46.79,Lawyer,High,Senior,12.33518818014857,high,3
41.68,Pharmacist,Medium,Middle Age,32.86137368655929,high,1
16.27,Pharmacist,Low,Senior,20.512820512820515,low,2
38.54,Factory Worker,Low,Middle Age,17.53640131788713,medium,2
36.43,Consultant,High,Senior,20.66115702479339,medium,2
35.04,Civil Servant,Medium,Middle Age,22.313278429145196,medium,1
25.34,Factory Worker,Medium,Senior,26.304601976830696,medium,2
7.21,Software Engineer,High,Middle Age,21.35930624973301,medium,3
30.27,Government Employee,Medium,Senior,34.894398530762174,high,2
31.68,Content Writer,Medium,Middle Age,38.764289387286894,high,1
7.93,Insurance Agent,Low,Middle Age,13.297872340425533,medium,2
21.36,Lab Technician,Medium,Middle Age,24.382716049382715,medium,3
38.33,Accountant,Medium,Middle Age,36.628511966701346,high,2
13.32,Doctor,Medium,Middle Age,31.161373901474043,high,2
15.17,Sales Manager,High,Middle Age,16.362308254200144,high,2
25.1,Consultant,Low,Senior,12.742382271468145,medium,2
40.96,Lab Technician,Low,Senior,17.824807605251245,medium,2
31.83,Architect,High,Senior,28.88888888888889,high,2
25.64,Content Writer,High,Senior,33.310844999156686,high,2
31.65,Lawyer,Medium,Middle Age,24.77679524969029,medium,2
15.92,Real Estate Agent,Medium,Middle Age,36.91833340094933,high,2
11.34,HR Manager,Low,Senior,19.925129815239703,low,1
49.68,HR Manager,Low,Middle Age,15.495867768595042,medium,3
30.51,Consultant,Low,Middle Age,20.796729893506402,low,1
18.57,Plumber,Low,Middle Age,32.038959374599514,high,2
17.27,Software Engineer,High,Senior,15.731336137614994,high,1
41.84,Marketing Manager,High,Middle Age,28.73174689021093,high,2
39.85,Chef,Medium,Middle Age,19.03642115282327,medium,2
14.59,Data Analyst,Medium,Middle Age,33.732501264968796,high,2
7.79,Sales Manager,Low,Senior,24.38237297859371,low,1
15.85,Government Employee,Medium,Middle Age,27.94309769197271,medium,1
26.27,Marketing Manager,Medium,Senior,16.1844365173735,medium,2
4.26,Plumber,Low,Middle Age,28.256989886972047,medium,2
26.37,Lab Technician,Medium,Middle Age,22.024322512687924,medium,2
21.59,Banker,Low,Middle Age,13.020833333333334,medium,1
21.12,Software Engineer,Medium,Senior,29.968782518210194,high,1
17.61,Electrician,Low,Senior,22.189349112426033,low,2
32.76,Sales Manager,Medium,Middle Age,33.51458568448412,high,3
10.66,Pharmacist,High,Middle Age,15.733506944444445,medium,3
49.41,Shop Owner,Low,Senior,20.1459051921492,low,1
35.64,Consultant,Medium,Middle Age,15.410776915718992,medium,2
29.48,Lab Technician,Medium,Middle Age,22.584759273036454,medium,2
13.31,Plumber,Medium,Senior,23.148148148148145,low,2
2.88,Plumber,Low,Senior,23.48347668628339,low,2
11.47,Electrician,Medium,Senior,15.210924824229314,medium,2
29.5,Nurse,Medium,Middle Age,29.33741144159046,high,2
45.1,Data Analyst,High,Middle Age,28.44095497516423,high,2
48.83,Data Analyst,Medium,Middle Age,23.624447492760247,medium,2
4.31,Civil Servant,Low,Middle Age,23.91327452439154,low,3
43.52,Data Analyst,Medium,Senior,16.84502576298058,medium,1
2.61,Plumber,Low,Middle Age,29.60837581270413,medium,3
16.24,Content Writer,Medium,Middle Age,32.45471689838165,high,2
38.53,Marketing Manager,Medium,Middle Age,35.43667123914037,high,2
38.82,Nurse,High,Senior,32.446723281525394,high,2
28.52,Plumber,Medium,Middle Age,24.178977574662557,medium,1
3.16,Lawyer,Low,Middle Age,27.887617065556707,medium,2
45.89,Real Estate Agent,High,Middle Age,30.824829931972793,high,2
40.82,Accountant,High,Middle Age,25.77777777777778,high,2
14.12,Factory Worker,High,Middle Age,12.742382271468145,high,1
43.21,Pharmacist,Medium,Middle Age,27.630367089162757,medium,2
33.31,Teacher,High,Senior,27.281746031746035,medium,2
47.07,Driver,Medium,Senior,35.139302233855645,high,1
2.69,Government Employee,Low,Senior,18.662014686194166,low,2
8.95,Lawyer,Low,Middle Age,12.877579015145153,medium,2
37.38,Driver,High,Senior,16.937031879257784,high,2
14.65,Content Writer,Low,Middle Age,19.597841552793366,low,2
23.42,Banker,High,Middle Age,37.22299168975069,high,2
49.13,Electrician,Medium,Senior,29.396221429515126,medium,3
13.53,Shop Owner,Low,Middle Age,14.363688595231254,medium,1
14.87,Plumber,Low,Middle Age,34.6626518679318,high,2
41.97,Content Writer,Low,Middle Age,22.724403484408533,low,2
37.12,Factory Worker,Low,Middle Age,21.847008520333322,low,2
8.17,Businessman,Low,Middle Age,28.906249999999993,medium,2
22.36,Businessman,Low,Middle Age,28.256989886972047,medium,2
15.2,Real Estate Agent,High,Senior,30.023243801652892,high,1
3.12,Data Analyst,Low,Middle Age,28.068944344546292,medium,2
44.71,Lab Technician,High,Middle Age,32.95068027210885,high,2
22.66,Chef,Low,Middle Age,21.469150482230148,low,1
47.54,Shop Owner,Low,Middle Age,24.96494647925858,medium,1
22.55,Teacher,Low,Middle Age,18.619700253350018,low,2
6.86,Doctor,Low,Middle Age,27.40765727778715,medium,2
25.4,Insurance Agent,High,Senior,32.89329415376518,high,1
10.71,Carpenter,Low,Middle Age,17.441263978660103,medium,2
8.59,Driver,Medium,Senior,29.094282341035587,medium,1
9.29,Architect,Low,Senior,23.11111111111111,low,2
4.22,Data Analyst,Medium,Middle Age,17.99015275849009,high,1
7.63,Accountant,Low,Middle Age,15.302424226153724,medium,1
39.95,Software Engineer,High,Senior,18.864916569242215,medium,1
28.94,Retail Manager,Medium,Middle Age,13.440467494521547,medium,2
33.83,HR Manager,Medium,Senior,28.735632183908045,medium,2
6.06,Electrician,Medium,Senior,22.052190183434128,medium,1
7.58,Data Analyst,Low,Middle Age,15.844273426889997,medium,1
13.15,Nurse,Low,Senior,21.79944510503369,low,3
47.34,Doctor,Medium,Middle Age,25.235576794007894,medium,1
30.11,Nurse,Medium,Senior,19.879102600511175,low,2
38.05,HR Manager,Medium,Middle Age,20.99605274208449,medium,1
5.59,Lab Technician,Medium,Senior,25.381468541909282,medium,2
47.82,Insurance Agent,Low,Middle Age,22.59143813091595,low,2
4.97,Plumber,Medium,Middle Age,28.734672057202044,high,1
47.19,Retail Manager,High,Senior,20.796729893506402,medium,2
8.0,Retail Manager,Low,Middle Age,22.47120876377142,low,2
35.4,Data Analyst,Medium,Senior,29.43213296398892,medium,2
18.26,Content Writer,High,Middle Age,40.269559500328725,high,3
15.08,Doctor,High,Middle Age,30.449826989619382,high,1
45.77,Electrician,High,Senior,25.781249999999996,high,2
42.51,Lawyer,Medium,Senior,34.20582986317669,high,2
27.2,Software Engineer,Low,Middle Age,19.195302796492154,low,2
36.75,Consultant,Low,Senior,20.990540971410354,low,1
38.25,Doctor,Medium,Senior,30.110990511536716,high,2
10.46,Lawyer,Low,Senior,24.691358024691358,low,2
34.87,Driver,Low,Middle Age,21.62162162162162,low,1
14.74,Plumber,Medium,Senior,16.44691757353143,medium,3
28.73,Lawyer,Medium,Senior,14.681440443213297,medium,2
45.73,Data Analyst,Medium,Senior,27.09925100681245,medium,1
9.01,Banker,Low,Middle Age,39.728309624503396,high,2
40.27,HR Manager,Medium,Middle Age,34.72088268199529,high,1
38.27,Retail Manager,Low,Middle Age,20.70081674131507,low,1
3.68,Doctor,Low,Senior,24.4140625,low,2
3.4,Electrician,Low,Middle Age,29.365763350250564,medium,1
12.06,Teacher,Medium,Senior,16.586119134090193,medium,3
48.99,Lab Technician,Medium,Middle Age,35.59985760056959,high,2
27.77,Architect,High,Middle Age,14.37717013888889,high,2
26.84,Engineer,High,Senior,19.494328922495274,medium,2
37.16,Lab Technician,Medium,Senior,28.40818411056848,medium,2
47.19,Sales Manager,Medium,Senior,29.961611685028558,high,2
6.91,Nurse,Medium,Middle Age,20.342797783933516,medium,2
20.14,Software Engineer,High,Middle Age,35.99541157390926,high,2
4.39,Lab Technician,High,Middle Age,18.286779733945284,high,1
41.81,Doctor,Medium,Senior,24.39626106740495,medium,2
22.26,Plumber,Low,Middle Age,22.694018931589476,low,2
41.41,Lawyer,High,Senior,21.883656509695292,medium,2
33.25,Engineer,High,Middle Age,22.31905622276544,medium,2
34.24,Content Writer,High,Senior,14.792899408284022,high,2
39.87,Real Estate Agent,Low,Middle Age,19.841269841269845,low,2
15.88,Consultant,Medium,Senior,16.278847074595422,medium,2
41.3,Nurse,High,Middle Age,17.04032877810819,high,2
29.07,Teacher,High,Senior,33.21799307958478,high,1
27.56,Carpenter,High,Senior,24.280263614290668,medium,2
45.69,Teacher,Medium,Middle Age,20.887586805555557,medium,2
23.8,Pharmacist,High,Senior,33.74770387457816,high,2
9.15,Teacher,Low,Senior,24.151672503320853,low,1
19.98,Accountant,Low,Middle Age,25.48476454293629,medium,1
27.77,Chef,High,Senior,24.897060231734173,medium,2
17.19,Lawyer,High,Senior,26.83864765261977,high,2
20.97,HR Manager,High,Middle Age,27.33564013840831,high,2
33.32,Factory Worker,Medium,Middle Age,32.462195923734384,high,1
8.2,Plumber,Low,Senior,24.968009737523797,medium,3
12.9,Consultant,Medium,Middle Age,32.36854981369265,high,2
33.64,Driver,Low,Middle Age,22.584759273036454,low,1
8.36,Doctor,Low,Middle Age,20.956607495069033,low,3
38.78,Government Employee,Medium,Senior,19.835162956123252,low,2
21.92,Driver,High,Senior,36.79016620498615,high,2
33.18,Content Writer,Low,Middle Age,20.70081674131507,low,2
16.69,Factory Worker,High,Middle Age,30.666666666666668,high,1
10.68,Shop Owner,Low,Middle Age,20.010416381129904,low,2
34.5,Consultant,Low,Senior,22.024322512687924,low,2
24.95,Content Writer,High,Senior,23.449340844748203,medium,2
35.32,Real Estate Agent,High,Middle Age,19.350207546580943,medium,1
2.93,Shop Owner,Low,Middle Age,34.894398530762174,high,2
6.11,Lawyer,High,Middle Age,37.165192874535435,high,2
31.62,Doctor,High,Senior,20.010416381129904,medium,2
45.67,Lab Technician,High,Senior,30.367346938775512,high,2
33.91,Chef,Medium,Middle Age,19.197896120973045,low,1
6.87,Accountant,Medium,Middle Age,38.70967741935483,high,2
5.31,HR Manager,Low,Middle Age,21.75546853368142,low,2
49.45,Marketing Manager,Medium,Senior,29.961611685028558,high,1
36.5,Shop Owner,Medium,Senior,28.726787729557817,medium,2
7.88,Architect,Low,Senior,19.94805976890361,low,2
41.77,Pharmacist,Medium,Senior,23.11616537357849,low,1
16.67,Software Engineer,Low,Senior,24.251278305332356,low,2
30.77,Factory Worker,Medium,Senior,26.58420138888889,medium,1
6.42,Consultant,Low,Middle Age,36.50871316195567,high,1
18.76,Marketing Manager,Medium,Senior,37.42139577948381,high,2
33.16,Banker,Medium,Senior,13.834635416666668,medium,2
15.5,Engineer,Low,Senior,24.801587301587304,low,1
6.01,Banker,Medium,Senior,26.29757785467128,medium,1
10.56,Businessman,Medium,Middle Age,20.832762259806476,medium,2
34.81,Plumber,High,Senior,18.067807418429165,high,2
37.1,Government Employee,Medium,Senior,16.60899653979239,medium,2
16.12,Doctor,Low,Middle Age,26.03889892655968,medium,1
36.35,Factory Worker,Medium,Middle Age,27.21730294672667,medium,1
26.1,Carpenter,Medium,Senior,19.62826470116968,low,2
16.56,Architect,Low,Middle Age,19.1107527844964,low,1
40.12,Engineer,Medium,Middle Age,15.897791652214126,medium,2
38.9,Teacher,Low,Middle Age,25.0,medium,2
45.84,Software Engineer,Medium,Senior,13.437473754934073,medium,1
3.12,HR Manager,Medium,Middle Age,39.91053023990176,high,2
37.45,Electrician,High,Senior,39.12591050988553,high,2
45.65,Insurance Agent,Medium,Senior,16.18684240952711,medium,2
16.8,Insurance Agent,High,Middle Age,29.094282341035587,high,2
36.64,Lawyer,Low,Middle Age,26.216410224399986,medium,2
16.32,Driver,Low,Middle Age,25.990903183885642,medium,1
32.01,Lawyer,Medium,Senior,36.79016620498615,high,2
25.94,Lawyer,Medium,Middle Age,35.26170798898072,high,2
39.51,Content Writer,Medium,Middle Age,30.585811928466654,high,2
20.59,Architect,Low,Middle Age,17.921146953405014,medium,1
45.61,Government Employee,High,Senior,16.475893166840095,high,2
29.56,Nurse,High,Senior,28.373702422145332,high,2
35.88,Lab Technician,Medium,Middle Age,14.228569894493813,high,2
36.97,Insurance Agent,Medium,Middle Age,32.29786616344898,high,1
38.67,Lawyer,Low,Middle Age,23.828124999999996,low,2
47.74,Shop Owner,High,Middle Age,29.017447199265384,high,2
22.33,Carpenter,High,Senior,28.282828282828287,high,1
11.07,Lawyer,Medium,Senior,25.77777777777778,medium,2
46.34,Doctor,Low,Middle Age,19.100091827364558,low,2
9.22,Retail Manager,Low,Middle Age,17.8359096313912,medium,2
3.71,Data Analyst,Medium,Middle Age,17.110020661157026,high,1
17.53,Shop Owner,Low,Senior,38.792376454714116,high,2
45.5,Lab Technician,Medium,Middle Age,31.184587124610193,high,1
45.15,Insurance Agent,Medium,Senior,36.160420775805385,high,2
24.34,Factory Worker,High,Senior,36.51263742951032,high,2
27.91,Pharmacist,Medium,Middle Age,26.87867813490267,medium,2
9.47,Lab Technician,Medium,Middle Age,17.306122448979593,high,2
9.3,Shop Owner,Medium,Middle Age,21.05263157894737,medium,2
38.85,Marketing Manager,Low,Middle Age,27.776929886145112,medium,2
38.64,Carpenter,High,Senior,30.11940191473341,high,2
17.07,Real Estate Agent,Medium,Middle Age,32.029085872576175,high,1
5.5,Civil Servant,Low,Senior,24.332277048438208,low,2
7.02,Architect,Low,Middle Age,17.181669306558565,medium,1
24.4,Architect,Medium,Middle Age,29.043708989207214,medium,2
16.83,Nurse,Medium,Middle Age,38.85595257170325,high,2
16.63,Electrician,Low,Senior,21.504469556417607,low,2
40.34,Driver,High,Senior,37.72972534382733,high,2
19.4,Real Estate Agent,Medium,Senior,26.674874320303687,medium,2
41.61,Driver,Medium,Senior,17.174515235457065,medium,2
10.44,Businessman,Medium,Middle Age,33.28402366863905,high,2
39.34,Real Estate Agent,Medium,Senior,16.262975778546714,medium,2
24.85,Doctor,Medium,Senior,24.178977574662557,low,2
49.57,Software Engineer,Low,Middle Age,29.036737785633125,medium,2
35.02,Pharmacist,Low,Middle Age,23.381868423849507,low,1
33.99,Electrician,Low,Middle Age,27.414453692693883,medium,2
30.62,Real Estate Agent,High,Senior,31.741788900397605,high,1
41.84,Doctor,Medium,Middle Age,14.768431001890358,medium,3
22.28,Consultant,Low,Middle Age,22.395413419331717,low,2
35.39,Software Engineer,Medium,Middle Age,30.555555555555554,high,2
23.41,Carpenter,Medium,Senior,21.158854166666668,low,2
40.0,Teacher,Medium,Middle Age,31.462672275229988,high,2
47.02,Plumber,Low,Middle Age,22.550940964858118,low,2
47.68,Content Writer,Medium,Senior,22.265624999999996,low,2
16.71,Doctor,Low,Middle Age,30.26183062146397,high,1
27.91,Carpenter,High,Middle Age,27.94309769197271,high,3
16.27,Sales Manager,Medium,Senior,32.987916382803256,high,2
5.97,Electrician,High,Middle Age,35.883634499551455,high,2
4.64,Marketing Manager,Medium,Middle Age,16.654492330168004,high,2
18.86,Engineer,High,Senior,32.46191135734072,high,2
34.33,Content Writer,Medium,Senior,18.413907181423802,high,1
40.01,Shop Owner,Medium,Senior,30.730609418282548,high,2
3.53,Lawyer,Low,Middle Age,19.43301326017375,low,1
45.34,Real Estate Agent,Medium,Middle Age,34.42217361683818,high,2
24.24,Carpenter,Medium,Middle Age,24.158817968558527,medium,2
18.52,Doctor,Medium,Senior,18.832391713747644,medium,2
8.78,Banker,Low,Senior,22.758306781975424,low,2
23.6,Engineer,Low,Middle Age,22.136739730004358,low,2
39.34,Software Engineer,Low,Middle Age,23.80540166204986,low,2
4.73,Sales Manager,Medium,Middle Age,25.0,medium,1
16.79,Engineer,Medium,Middle Age,19.07734998265695,medium,2
12.52,Carpenter,Medium,Senior,26.037493991347535,medium,2
49.92,Software Engineer,Medium,Middle Age,36.05191475725044,high,2
17.39,Electrician,Low,Middle Age,26.502116213757365,medium,2
46.46,Data Analyst,Low,Senior,15.527486637403324,medium,1
36.5,Chef,Medium,Middle Age,24.41927902078691,medium,2
38.39,HR Manager,High,Senior,19.197896120973045,medium,2
19.89,Engineer,Low,Senior,23.140495867768596,low,2
12.16,Teacher,Low,Senior,23.03875236294896,low,2
23.15,Data Analyst,Medium,Senior,40.05734525215045,high,2
47.2,Businessman,Low,Middle Age,15.145073865447976,medium,1
10.52,Architect,High,Senior,19.100091827364558,medium,2
45.78,Content Writer,High,Middle Age,27.776910832995224,high,1
20.45,Real Estate Agent,Medium,Senior,27.45288684263204,medium,2
3.07,Lawyer,Medium,Senior,27.166919271354622,medium,2
43.32,Pharmacist,Low,Middle Age,24.858365128916635,low,2
35.39,Plumber,High,Senior,17.15626203564301,high,1
39.89,Banker,Low,Middle Age,20.41522491349481,low,2
26.83,Shop Owner,Medium,Senior,18.06616733787497,medium,2
44.6,Carpenter,Low,Middle Age,20.174553747642648,low,1
9.27,Driver,Low,Middle Age,24.77679524969029,low,2
6.8,Consultant,Medium,Senior,33.30498866213152,high,3
27.5,Carpenter,High,Middle Age,20.06920415224914,medium,2
34.16,Shop Owner,High,Senior,38.19297095019482,high,1
30.46,Insurance Agent,Medium,Senior,20.983987603305785,low,2
44.88,Pharmacist,High,Middle Age,41.32231404958678,high,1
48.14,Civil Servant,Low,Senior,20.32443825510934,low,1
47.26,Data Analyst,Medium,Senior,32.05128205128205,high,2
13.5,Retail Manager,High,Middle Age,29.017447199265384,high,2
20.05,Lawyer,Low,Middle Age,29.60837581270413,medium,2
45.1,Accountant,High,Senior,19.28937926777516,medium,1
28.51,Government Employee,Medium,Middle Age,33.564013840830455,high,1
6.52,Marketing Manager,Low,Middle Age,20.45288531775018,low,1
3.2,Electrician,Low,Middle Age,22.49134948096886,low,2
8.27,Content Writer,Medium,Middle Age,20.305174833527424,medium,2
33.41,Driver,Low,Middle Age,25.63116749967961,medium,1
43.68,Nurse,High,Senior,33.70504499982072,high,1
2.8,Businessman,High,Senior,14.146672702580354,high,2
43.67,Pharmacist,Medium,Senior,17.632096196092032,medium,2
3.91,Insurance Agent,Medium,Senior,27.46481071127618,medium,2
11.03,Software Engineer,Medium,Senior,32.038959374599514,high,2
35.86,Civil Servant,Low,Senior,22.59143813091595,low,2
42.67,Retail Manager,Medium,Middle Age,35.32123735871506,high,2
6.48,Architect,Low,Middle Age,19.1358024691358,low,2
35.61,Consultant,Low,Middle Age,22.476586888657646,low,2
14.15,Chef,Low,Middle Age,15.193552648962875,medium,1
24.5,Banker,Low,Middle Age,14.863258026159334,medium,2
27.41,Accountant,Low,Senior,23.875114784205696,low,1
29.32,Plumber,Medium,Senior,21.564544913741823,low,2
4.67,Chef,Low,Senior,21.329639889196677,low,2
26.73,Data Analyst,Medium,Middle Age,25.50404037692287,medium,2
7.76,Teacher,High,Middle Age,34.293552812071326,high,1
6.53,Engineer,Low,Senior,21.461936624163616,low,2
6.33,Content Writer,Low,Middle Age,18.015956990477278,medium,2
49.42,Lab Technician,Medium,Middle Age,34.15415753078091,high,3
27.02,Teacher,Medium,Middle Age,16.0,medium,2
7.92,Civil Servant,High,Senior,35.295549515193315,high,2
12.54,Consultant,Low,Middle Age,21.551020408163264,low,1
45.39,Factory Worker,High,Senior,23.888440980620498,medium,2
15.71,Lawyer,Low,Senior,19.86630513570834,low,1
15.36,Government Employee,Low,Middle Age,21.093749999999996,low,2
25.66,Factory Worker,Low,Middle Age,21.91358024691358,low,2
30.2,Government Employee,Medium,Middle Age,26.346494034400994,medium,2
34.82,Software Engineer,Low,Middle Age,28.40054796351365,medium,1
26.63,Lawyer,High,Senior,38.15622121836761,high,1
34.72,Teacher,Medium,Middle Age,38.15622121836761,high,2
19.13,Teacher,Low,Middle Age,25.63116749967961,medium,2
31.41,Chef,High,Senior,19.675166853130666,medium,2
24.64,Government Employee,Low,Middle Age,34.293552812071326,high,1
39.86,Lab Technician,High,Senior,20.613131003026183,medium,1
35.37,Accountant,Medium,Senior,20.45913487086832,low,2
27.56,Electrician,Medium,Senior,26.171874999999996,medium,1
23.13,Pharmacist,High,Senior,33.09042236763832,high,2
47.42,Sales Manager,Low,Middle Age,19.284149013878743,low,2
45.95,Real Estate Agent,Low,Senior,21.49959688255845,low,2
47.91,Banker,Medium,Middle Age,31.960227272727273,high,1
31.46,Doctor,High,Middle Age,26.502116213757365,high,2
44.2,Banker,High,Senior,27.173119065010955,high,1
17.76,Content Writer,Medium,Middle Age,40.44444444444444,high,1
14.77,Accountant,Low,Senior,18.92915089237426,low,1
14.27,Carpenter,Medium,Middle Age,34.72088268199529,high,2
5.1,Driver,Medium,Middle Age,16.224986479177936,high,2
33.62,Carpenter,Low,Middle Age,25.53544639152223,medium,3
16.47,Content Writer,High,Middle Age,28.40111107643332,high,1
4.48,Retail Manager,Medium,Senior,17.165506694547613,medium,2
10.7,Content Writer,High,Senior,24.772096710265558,medium,1
40.55,Sales Manager,Medium,Middle Age,20.446742023841672,medium,1
11.32,Real Estate Agent,Medium,Middle Age,20.088275237664103,medium,1
47.96,Doctor,Low,Senior,19.53542321662953,low,2
28.19,Pharmacist,Low,Middle Age,31.217481789802285,high,2
20.97,Marketing Manager,Medium,Senior,30.614821360939274,high,2
36.21,Real Estate Agent,Medium,Middle Age,31.88775510204082,high,2
21.24,Real Estate Agent,Medium,Senior,16.654492330168004,medium,1
29.88,Data Analyst,Medium,Middle Age,44.0,high,1
20.56,Driver,Low,Middle Age,14.041085436952473,medium,2
45.0,Banker,Medium,Middle Age,18.873859704309528,medium,2
34.54,Retail Manager,Medium,Middle Age,37.52740765727779,high,2
7.23,Marketing Manager,Low,Middle Age,29.585798816568044,medium,2
40.18,Nurse,High,Senior,13.735844449192637,high,2
10.52,Businessman,Medium,Senior,33.462224866151104,high,1
13.33,Plumber,Low,Senior,22.79032897344431,low,2
40.16,Lawyer,High,Senior,37.80718336483932,high,2
21.4,Software Engineer,Medium,Senior,24.3046178773967,low,1
10.44,Carpenter,High,Senior,18.390674513354462,medium,2
6.72,Electrician,Medium,Senior,24.772096710265558,medium,2
29.15,Engineer,Low,Middle Age,20.312499999999996,low,2
11.01,Accountant,High,Senior,35.26170798898072,high,2
16.35,Insurance Agent,Medium,Senior,20.41522491349481,low,2
37.17,Chef,Low,Middle Age,14.651567412472147,medium,2
26.9,HR Manager,High,Senior,31.487889273356405,high,2
29.74,Carpenter,Medium,Senior,17.99307958477509,medium,2
27.48,Software Engineer,Low,Middle Age,23.49523687470631,low,1
23.1,Government Employee,Medium,Middle Age,40.25277008310249,high,2
37.28,Lawyer,Medium,Senior,13.007284079084286,medium,1
28.15,Data Analyst,Low,Middle Age,19.927728770326283,low,2
42.85,Pharmacist,Low,Middle Age,24.930747922437675,medium,2
47.22,Retail Manager,Medium,Middle Age,25.88057063502083,medium,2
13.56,Data Analyst,Medium,Middle Age,27.250887446663558,high,2
49.8,Doctor,High,Middle Age,25.153150229218223,high,3
44.72,Consultant,Low,Middle Age,19.57168128269788,low,2
27.87,Driver,Low,Middle Age,19.840664204389366,low,3
44.43,Electrician,Medium,Senior,27.102040816326532,medium,2
9.87,Carpenter,High,Senior,34.889853543754306,high,2
26.12,Software Engineer,Medium,Senior,14.682881675125282,medium,1
23.67,Engineer,Low,Senior,29.93827160493827,high,1
18.49,Accountant,High,Middle Age,29.733900410252552,high,2
12.78,Content Writer,Medium,Senior,20.703124999999996,medium,2
41.27,Content Writer,Medium,Senior,16.91320572364359,high,1
5.28,Electrician,Medium,Middle Age,20.549886621315196,medium,2
42.82,Lawyer,Medium,Senior,25.96454217209623,medium,2
12.3,Carpenter,Low,Middle Age,16.44691757353143,medium,2
24.51,Insurance Agent,Low,Middle Age,20.964360587002094,low,2
34.54,Lawyer,Low,Middle Age,24.915315920606925,medium,1
17.83,Marketing Manager,High,Middle Age,29.060607121599386,high,1
18.79,Civil Servant,Low,Middle Age,16.127206880941603,medium,2
7.01,Consultant,High,Senior,15.278406518786783,high,2
22.03,Real Estate Agent,Medium,Middle Age,16.004774305555557,medium,2
6.41,Real Estate Agent,Low,Middle Age,20.077334919690664,low,3
32.68,Engineer,Medium,Middle Age,15.567290375751655,medium,2
24.74,Government Employee,Low,Middle Age,21.75546853368142,low,2
42.83,Banker,Medium,Middle Age,13.88721168940949,medium,2
10.23,Real Estate Agent,Low,Middle Age,24.724520008546747,medium,2
36.84,Software Engineer,Low,Middle Age,19.409358296754156,low,1
41.01,Lab Technician,Low,Senior,22.189349112426033,low,1
27.74,Lab Technician,Medium,Senior,16.853406572828565,medium,1
15.56,Marketing Manager,Low,Middle Age,21.484374999999996,medium,2
11.23,Content Writer,High,Senior,24.898143956541425,medium,2
46.95,Nurse,High,Senior,30.666666666666668,high,2
5.38,Lawyer,Low,Senior,18.792450804048432,low,2
19.82,Nurse,Low,Senior,19.623233908948194,low,2
13.57,Insurance Agent,Low,Middle Age,21.874999999999996,low,1
17.76,Banker,High,Senior,20.654142145767317,medium,2
24.0,Lab Technician,High,Senior,30.642535669826675,high,1
9.17,Software Engineer,Low,Middle Age,17.789706937985706,medium,2
46.4,Carpenter,Medium,Senior,28.35538752362949,medium,2
41.07,Marketing Manager,High,Senior,39.471952984518225,high,2
20.49,Government Employee,Medium,Middle Age,18.906901018871892,medium,3
16.18,Insurance Agent,Low,Senior,18.818924310286427,low,3
32.29,Teacher,High,Middle Age,22.714681440443215,medium,1
47.6,Retail Manager,High,Middle Age,17.319119710949863,high,2
7.5,Chef,Low,Middle Age,21.0828132906055,low,2
40.65,Accountant,Medium,Senior,16.896235078053262,medium,2
46.55,Marketing Manager,Medium,Senior,27.738854413909458,medium,1
28.8,Carpenter,Medium,Middle Age,32.42187499999999,high,2
43.39,Marketing Manager,Medium,Middle Age,21.453573713726524,medium,2
7.59,Content Writer,Medium,Senior,31.934968790825955,high,1
48.37,Nurse,Medium,Middle Age,16.806134238997235,medium,2
42.2,Accountant,Low,Senior,17.72853185595568,medium,1
35.31,Nurse,Medium,Senior,18.49112426035503,medium,1
25.23,Driver,Low,Middle Age,25.45111384369012,medium,2
9.24,Government Employee,Medium,Senior,13.675213675213676,medium,2
13.82,Plumber,Low,Middle Age,18.125235115078144,medium,1
8.14,Businessman,Medium,Middle Age,27.777777777777775,high,1
32.72,Software Engineer,High,Senior,27.09925100681245,high,2
19.19,Lawyer,Medium,Senior,15.359168241965973,medium,2
13.06,Insurance Agent,Low,Middle Age,28.360351528307834,medium,2
5.6,Sales Manager,Medium,Middle Age,35.41912632821724,high,2
13.14,Carpenter,Medium,Senior,17.901234567901234,medium,2
25.22,Content Writer,High,Middle Age,14.584346135148271,high,2
31.71,Plumber,Medium,Middle Age,26.609712545078956,medium,2
11.04,Businessman,Low,Senior,22.275309917355372,low,1
20.48,Electrician,High,Middle Age,19.487382745408905,medium,1
40.47,HR Manager,Medium,Middle Age,29.913616800463966,high,1
34.13,Government Employee,Low,Middle Age,18.619700253350018,low,1
11.79,Driver,Low,Middle Age,27.755102040816325,medium,2
16.19,Retail Manager,Medium,Senior,38.29344432882414,high,1
39.57,Lab Technician,Medium,Middle Age,32.40615716986227,high,1
10.56,Accountant,Low,Middle Age,24.755464315903875,low,2
36.3,Real Estate Agent,Medium,Senior,15.898686987747046,medium,1
13.96,Factory Worker,High,Senior,26.666666666666668,medium,2
3.98,HR Manager,Low,Middle Age,26.555965935105768,medium,2
34.58,Businessman,Medium,Middle Age,29.56194571351787,medium,1
10.69,Chef,Medium,Middle Age,20.761245674740486,medium,2
35.18,Sales Manager,High,Middle Age,27.358845456721728,high,1
27.35,Government Employee,High,Senior,17.824807605251245,high,1
24.89,Chef,High,Senior,17.343045438779047,high,2
8.81,Marketing Manager,High,Senior,26.491508201480624,high,2
2.89,Plumber,Medium,Senior,25.14741588622962,medium,2
36.1,Government Employee,Medium,Middle Age,13.874436351023238,medium,1
18.24,Driver,Medium,Middle Age,27.757487216946675,high,2
10.16,Consultant,Low,Middle Age,26.672763298277697,medium,2
28.92,Shop Owner,Medium,Middle Age,16.41206918318394,medium,2
30.4,Engineer,Low,Middle Age,23.14266929651545,low,1
32.01,HR Manager,Low,Middle Age,20.603780345785182,low,2
20.06,Businessman,Medium,Senior,23.875114784205696,medium,1
45.63,Lawyer,Medium,Senior,21.551020408163264,low,1
18.97,Chef,High,Senior,18.961927424152293,medium,1
21.16,Factory Worker,Medium,Senior,28.734672057202044,medium,3
9.66,Accountant,Low,Senior,21.971335857220122,low,2
33.76,Nurse,Medium,Senior,16.245274102079396,medium,1
17.82,Doctor,High,Senior,30.78090740428403,high,2
3.43,Businessman,High,Senior,26.314635323012148,high,2
10.53,Businessman,High,Middle Age,15.346938775510203,high,1
24.62,Chef,Low,Middle Age,28.40550435551067,medium,1
26.87,Carpenter,Medium,Middle Age,32.029085872576175,high,2
37.99,Engineer,Low,Middle Age,18.144868631151112,medium,2
42.22,Consultant,High,Senior,32.660763536072004,high,2
14.26,Teacher,Medium,Senior,15.035584215977813,medium,2
4.59,Marketing Manager,Medium,Middle Age,16.17280228063924,high,3
35.55,HR Manager,Medium,Senior,26.07897153351699,medium,2
24.69,Chef,Medium,Senior,28.40550435551067,medium,1
4.02,Carpenter,Medium,Senior,31.120686707020965,high,2
36.68,Data Analyst,Medium,Senior,19.721036967980208,low,2
38.5,Software Engineer,High,Middle Age,25.97867956642479,high,2
10.99,Consultant,Low,Middle Age,21.521947071952386,low,2
13.11,Retail Manager,Medium,Senior,36.44444444444444,high,2
32.7,Civil Servant,High,Senior,28.54828131630724,high,1
34.57,Architect,Low,Senior,18.599213518971197,low,2
16.61,Banker,High,Senior,26.22268470343392,high,1
32.24,Factory Worker,High,Senior,23.84803048162057,medium,2
23.65,Data Analyst,High,Middle Age,34.20582986317669,high,2
11.9,Electrician,Low,Middle Age,26.291723822588015,medium,2
18.09,Marketing Manager,High,Senior,26.038781163434905,high,3
14.1,Content Writer,High,Senior,17.578124999999996,high,3
34.77,Civil Servant,Medium,Senior,21.719250114311837,low,1
10.82,Nurse,Medium,Middle Age,27.423822714681442,high,1
43.23,Retail Manager,Medium,Middle Age,33.74770387457816,high,2
45.19,Engineer,High,Senior,30.666666666666668,high,1
32.48,Software Engineer,Medium,Senior,14.631670100630055,medium,1
16.67,Civil Servant,Medium,Senior,30.11027889645828,high,1
34.94,Teacher,High,Senior,16.224986479177936,high,1
48.91,Nurse,Medium,Middle Age,26.346494034400994,medium,3
31.38,Shop Owner,Low,Middle Age,27.469281663516067,medium,2
36.71,Architect,High,Senior,21.333333333333332,medium,2
32.68,Factory Worker,Low,Middle Age,16.09645246812271,medium,2
6.69,Shop Owner,Medium,Senior,28.507521599929827,medium,2
43.72,Chef,High,Senior,22.053353172494422,medium,1
6.37,Real Estate Agent,Low,Senior,22.819404547773097,low,1
3.91,Carpenter,Medium,Middle Age,32.889188733344575,high,2
41.04,Driver,Low,Middle Age,17.319119710949863,medium,2
43.63,Factory Worker,Medium,Middle Age,13.440475850038604,medium,2
33.3,Government Employee,High,Senior,16.91320572364359,high,2
15.82,Doctor,Low,Middle Age,20.0177299894192,low,2
30.65,Consultant,Medium,Middle Age,27.587326057852245,medium,2
9.2,Retail Manager,Low,Senior,23.87152777777778,low,2
22.9,Retail Manager,Low,Middle Age,24.998903556861542,medium,2
32.29,Teacher,Medium,Senior,24.998903556861542,medium,2
13.68,Retail Manager,Low,Middle Age,31.435911303407252,high,2
47.62,Insurance Agent,High,Middle Age,14.277315864617453,high,1
39.13,Government Employee,High,Senior,15.321267834913337,high,2
17.21,Consultant,High,Middle Age,25.127830533235937,high,2
18.46,Real Estate Agent,Medium,Middle Age,19.362472659471475,low,2
21.66,Accountant,Medium,Middle Age,37.03560819412831,high,2
42.43,Engineer,High,Senior,37.77777777777778,high,2
28.65,Civil Servant,Low,Senior,24.538964901844146,low,2
36.39,Nurse,Medium,Middle Age,20.312499999999996,medium,2
36.96,Real Estate Agent,Low,Middle Age,22.948115744558788,low,2
26.33,Government Employee,Medium,Middle Age,23.875114784205696,medium,2
10.75,Civil Servant,Medium,Middle Age,14.631670100630055,medium,2
44.59,Carpenter,Medium,Senior,22.12973972783723,low,2
32.8,Lawyer,Low,Middle Age,27.428571428571427,medium,2
47.28,HR Manager,Low,Middle Age,21.484374999999996,low,2
40.82,Pharmacist,Low,Middle Age,19.159827275586945,low,1
32.45,Accountant,High,Middle Age,37.26147013436712,high,2
47.23,Shop Owner,Low,Middle Age,24.654832347140037,low,2
40.1,Banker,Medium,Senior,13.573407202216067,medium,1
20.16,Insurance Agent,Medium,Senior,27.434842249657066,medium,2
24.94,Shop Owner,Medium,Senior,30.33021487462087,high,2
20.83,Pharmacist,Medium,Middle Age,22.4058769513315,medium,2
9.12,Doctor,Medium,Senior,15.527486637403324,medium,1
7.46,Software Engineer,Medium,Senior,37.5776274672679,high,1
38.3,Businessman,Low,Middle Age,14.347964714634925,medium,1
13.79,Sales Manager,High,Senior,34.577632361689474,high,2
44.75,Lawyer,Medium,Middle Age,36.571334648257725,high,2
49.17,Banker,Low,Senior,18.25310978907518,medium,2
31.25,Banker,Medium,Senior,25.781249999999996,medium,2
24.22,Content Writer,Low,Middle Age,20.0,low,2
38.82,Factory Worker,High,Senior,22.145328719723185,low,2
20.19,Businessman,Medium,Middle Age,40.44444444444444,high,3
16.18,Accountant,Low,Middle Age,16.105878645705683,medium,2
24.63,Lab Technician,Medium,Middle Age,32.74416118146279,high,2
49.66,Doctor,Low,Middle Age,13.93819855358317,medium,3
24.34,Lawyer,Medium,Senior,16.853406572828565,medium,1
7.2,Banker,High,Middle Age,22.85046232330747,medium,2
14.03,Sales Manager,High,Senior,15.854141894569956,high,2
42.26,Architect,Medium,Senior,30.666666666666668,high,1
27.03,Content Writer,Medium,Middle Age,30.34607438016529,high,2
19.91,Retail Manager,Medium,Senior,15.292905964233327,medium,2
2.5,Factory Worker,Low,Middle Age,14.980805842514279,medium,2
28.35,Chef,Medium,Senior,27.428571428571427,medium,2
32.85,Teacher,Medium,Middle Age,15.030639380275174,medium,1
22.36,Lawyer,Low,Middle Age,28.310789556464293,medium,1
22.37,Real Estate Agent,High,Middle Age,44.0,high,1
4.22,Shop Owner,Medium,Senior,28.373702422145332,medium,2
24.3,Businessman,High,Senior,22.51519097222222,medium,2
17.2,Businessman,High,Senior,38.764289387286894,high,1
47.95,Data Analyst,High,Senior,35.139302233855645,high,2
7.74,Carpenter,Low,Middle Age,23.87543252595156,low,1
4.68,Insurance Agent,Low,Middle Age,18.507766003774133,low,2
8.13,Doctor,Low,Middle Age,24.435186668803073,low,1
36.45,Data Analyst,Medium,Senior,23.20054323223178,low,2
14.28,Banker,Low,Senior,18.645344042454013,low,2
22.02,Engineer,High,Senior,23.893258879433006,medium,2
12.71,Accountant,Medium,Senior,36.51263742951032,high,2
46.8,Lawyer,High,Middle Age,34.41319568055061,high,2
14.15,Content Writer,Low,Middle Age,26.332888752094664,medium,2
34.77,Marketing Manager,Medium,Middle Age,31.912223457277065,high,1
35.42,Insurance Agent,Medium,Senior,20.381569714992146,low,1
17.32,Software Engineer,Low,Middle Age,22.49134948096886,low,2
19.26,Retail Manager,Low,Middle Age,23.893258879433006,low,1
19.35,Shop Owner,Low,Middle Age,22.024322512687924,low,2
36.08,Teacher,Low,Senior,21.79944510503369,low,1
41.79,Insurance Agent,Medium,Middle Age,23.683171790710933,medium,2
49.33,Chef,Low,Middle Age,25.77250395983785,medium,1
9.77,Shop Owner,Low,Middle Age,15.789473684210527,medium,1
25.54,Insurance Agent,Medium,Middle Age,23.573915188728378,medium,2
30.51,Lab Technician,Medium,Senior,18.36572462377676,medium,2
4.33,Doctor,Low,Middle Age,31.435911303407252,high,2
2.23,HR Manager,Medium,Senior,17.78197125852809,medium,1
23.87,Retail Manager,Medium,Middle Age,14.163487108336222,medium,1
46.66,Banker,High,Middle Age,32.11195240670633,high,1
27.57,Banker,High,Middle Age,26.854405574103644,high,3
37.87,Teacher,Medium,Senior,23.84803048162057,low,2
12.19,Accountant,High,Middle Age,35.963334941449936,high,2
23.54,Factory Worker,Medium,Middle Age,19.918367346938776,medium,1
49.0,Real Estate Agent,High,Middle Age,34.72088268199529,high,2
44.49,Electrician,High,Middle Age,17.444021847922443,high,2
35.35,Nurse,Low,Middle Age,24.930747922437675,medium,2
5.59,Shop Owner,Medium,Middle Age,31.020408163265305,high,2
43.9,Businessman,Low,Middle Age,20.19557823129252,low,2
44.13,Chef,High,Senior,34.47525039918711,high,2
11.25,Consultant,Medium,Middle Age,33.71488033298647,high,2
7.33,Accountant,Medium,Senior,30.22222222222222,high,2
47.49,Marketing Manager,Medium,Middle Age,38.22222222222222,high,3
21.91,Civil Servant,Low,Middle Age,26.813590449954088,medium,1
49.06,Civil Servant,High,Senior,20.820939916716245,medium,1
40.86,Government Employee,High,Senior,20.429418362441915,medium,2
32.13,Shop Owner,Medium,Middle Age,17.09349531455084,medium,2
31.36,Teacher,Medium,Middle Age,16.09645246812271,medium,1
10.33,Shop Owner,High,Middle Age,31.912223457277065,high,2
13.28,Accountant,Medium,Middle Age,21.847008520333322,medium,1
10.58,Businessman,High,Senior,29.000594883997625,high,2
36.24,Chef,High,Senior,38.52146814404432,high,3
43.15,Carpenter,Medium,Middle Age,25.2465483234714,medium,2
48.82,Plumber,High,Middle Age,26.595000139973685,medium,2
13.56,Doctor,High,Middle Age,25.63691716071142,high,2
14.42,Architect,Medium,Middle Age,18.446180555555557,high,2
38.09,Pharmacist,Medium,Middle Age,34.57581379659302,high,1
36.34,Government Employee,Medium,Middle Age,32.89333162458883,high,2
18.68,Retail Manager,Medium,Senior,16.41206918318394,medium,2
44.66,Chef,High,Middle Age,15.567290375751655,high,2
19.94,Factory Worker,Medium,Middle Age,24.021275987303035,medium,2
41.34,Driver,Medium,Senior,25.90431010268094,medium,1
47.12,Pharmacist,High,Senior,34.894398530762174,high,2
37.79,Businessman,High,Middle Age,19.312952005259696,medium,2
4.13,Accountant,Low,Middle Age,25.227864583333336,medium,2
6.62,Engineer,Medium,Senior,26.589183410542475,medium,1
43.73,Insurance Agent,High,Middle Age,26.014568158168572,high,1
45.95,Factory Worker,Medium,Middle Age,24.489795918367346,medium,1
46.35,Real Estate Agent,High,Senior,17.54337874510019,high,3
9.4,Chef,Low,Middle Age,19.067710657633167,low,2
4.07,Civil Servant,Medium,Senior,20.811654526534856,medium,2
40.68,Carpenter,Medium,Middle Age,20.957171162932475,medium,2
14.69,Accountant,Low,Middle Age,24.194608809993426,low,2
8.52,Content Writer,High,Middle Age,25.77250395983785,high,2
45.62,Accountant,Low,Middle Age,23.49523687470631,low,1
24.38,Government Employee,High,Senior,25.88057063502083,high,2
20.48,Architect,High,Middle Age,15.149602322939023,high,2
26.98,Pharmacist,Medium,Middle Age,30.468749999999993,high,2
9.18,Sales Manager,Low,Middle Age,12.222340312466788,medium,2
24.45,Pharmacist,Low,Middle Age,31.634581999151262,high,1
35.95,Factory Worker,Medium,Senior,25.529644871208653,medium,2
9.45,Architect,Medium,Senior,27.005130974885226,medium,1
37.69,Plumber,Low,Middle Age,20.77580539119001,low,1
47.24,Government Employee,High,Senior,33.386558281318045,high,1
29.21,Driver,Medium,Middle Age,13.979879937501714,medium,1
38.82,Lab Technician,Medium,Middle Age,22.616699539776466,medium,2
30.02,Factory Worker,Medium,Senior,36.628511966701346,high,2
5.95,Lab Technician,Medium,Senior,17.36111111111111,medium,1
46.25,Shop Owner,Low,Middle Age,21.484374999999996,low,2
15.86,Civil Servant,Low,Middle Age,29.000594883997625,medium,1
39.47,Data Analyst,Medium,Senior,26.47210743801653,medium,2
15.29,Factory Worker,Medium,Senior,26.40235457063712,medium,2
48.93,Software Engineer,Medium,Senior,13.586956521739129,medium,1
28.51,Teacher,Medium,Middle Age,33.29864724245577,high,1
23.3,Factory Worker,Medium,Middle Age,30.693877551020407,high,2
49.1,Electrician,Medium,Middle Age,16.066481994459835,medium,2
39.86,Retail Manager,Medium,Senior,17.901234567901234,medium,1
44.98,Architect,Medium,Senior,16.853406572828565,medium,1
15.4,Lab Technician,Medium,Senior,33.28402366863905,high,2
18.24,Consultant,Low,Senior,22.79035792549306,low,1
25.25,Factory Worker,Low,Middle Age,28.303850156087407,medium,3
37.89,Data Analyst,Medium,Middle Age,17.75568181818182,medium,2
44.26,Carpenter,Medium,Middle Age,26.564344746162927,medium,1
6.15,Sales Manager,Low,Middle Age,18.314459265590184,medium,2
28.56,Engineer,Medium,Senior,17.647058823529413,medium,2
35.94,Doctor,Medium,Middle Age,26.309431125667803,medium,2
9.18,Plumber,Medium,Senior,25.195263290501387,medium,2
19.8,Real Estate Agent,High,Senior,25.218606946081522,high,1
4.69,Government Employee,Medium,Senior,30.555555555555554,high,1
22.97,Lab Technician,High,Middle Age,25.24933720489837,high,2
13.72,Lab Technician,Low,Middle Age,15.91695501730104,medium,2
24.3,Driver,Medium,Middle Age,33.91003460207613,high,2
38.11,Accountant,Low,Middle Age,20.221606648199447,low,1
5.14,Shop Owner,High,Senior,18.59103674696412,medium,2
18.8,Driver,Medium,Middle Age,34.72222222222223,high,2
33.71,Sales Manager,Medium,Senior,13.019390581717452,medium,1
12.37,Doctor,Medium,Middle Age,23.25501863821347,medium,2
4.71,Sales Manager,High,Senior,34.577632361689474,high,2
40.8,Engineer,Medium,Middle Age,27.166919271354622,medium,2
36.31,Lab Technician,Low,Senior,21.913805697589478,low,1
27.54,Data Analyst,Medium,Middle Age,28.666129176744597,medium,2
5.69,Lawyer,Medium,Middle Age,18.83656509695291,medium,2
23.97,Plumber,High,Middle Age,18.49649887699828,high,1
3.74,Factory Worker,Medium,Senior,14.557263234511913,medium,1
42.96,Consultant,Medium,Middle Age,26.395803401383272,medium,2
39.1,Real Estate Agent,High,Middle Age,33.61226847799447,high,2
11.75,Factory Worker,High,Middle Age,30.367346938775512,high,2
46.51,Engineer,Medium,Senior,38.135421315266335,high,2
20.31,Teacher,Medium,Middle Age,23.515579071134628,medium,1
49.66,Engineer,High,Senior,21.258503401360546,medium,1
10.04,Pharmacist,High,Middle Age,14.91970486111111,high,1
13.73,Lab Technician,Low,Middle Age,23.405654174884944,low,2
10.2,Retail Manager,High,Middle Age,18.101807059704754,high,2
3.54,Data Analyst,Medium,Senior,28.621470374642232,medium,2
2.42,HR Manager,High,Middle Age,28.162493730951734,high,1
46.53,Nurse,Low,Middle Age,14.37717013888889,medium,2
35.86,Chef,Medium,Senior,24.635368550712467,low,2
11.73,Shop Owner,High,Middle Age,15.145073865447976,high,2
36.62,Data Analyst,Low,Middle Age,24.023808670084982,low,2
15.82,Carpenter,Medium,Senior,31.533446712018144,high,2
37.48,Sales Manager,High,Middle Age,15.117157974300833,high,3
44.85,Sales Manager,Medium,Middle Age,32.0,high,1
32.58,Accountant,Medium,Senior,20.199469763918696,low,1
46.09,Retail Manager,Low,Middle Age,26.004382761139514,medium,2
24.24,Pharmacist,Low,Middle Age,20.380434782608695,low,1
9.59,Factory Worker,Low,Senior,24.55775234131113,low,1
46.36,Driver,Medium,Middle Age,19.675166853130666,low,2
40.8,Banker,Medium,Senior,25.142857142857142,medium,1
48.39,Nurse,High,Senior,20.528921627822726,medium,2
27.91,Pharmacist,Medium,Middle Age,37.165192874535435,high,1
34.01,Consultant,Low,Middle Age,17.043302613306402,medium,2
11.73,Sales Manager,Medium,Senior,26.40235457063712,medium,1
48.02,Shop Owner,High,Senior,16.84502576298058,high,2
48.02,HR Manager,High,Middle Age,26.038781163434905,high,2
24.76,Marketing Manager,Medium,Senior,15.826092149661081,medium,2
45.19,Doctor,High,Middle Age,15.485756026296565,high,1
21.7,Retail Manager,Medium,Middle Age,15.190972222222223,medium,1
38.08,Civil Servant,Medium,Senior,27.776706145596233,medium,2
8.3,Doctor,Low,Middle Age,19.883853048857468,low,2
31.67,Driver,High,Middle Age,24.151672503320853,medium,2
19.07,Data Analyst,Medium,Senior,35.963334941449936,high,2
39.87,Lawyer,High,Senior,35.250761095978206,high,2
13.93,Lawyer,Low,Middle Age,21.936347412254616,low,2
15.33,Accountant,Medium,Senior,36.71874999999999,high,2
14.01,Retail Manager,Low,Middle Age,29.552549427679498,medium,2
44.94,Government Employee,Medium,Senior,26.709401709401707,medium,1
39.28,Consultant,Medium,Middle Age,14.768431001890358,medium,1
46.38,Marketing Manager,High,Senior,18.20664542558034,high,2
33.1,Carpenter,Medium,Senior,26.05835362467427,medium,1
23.25,Doctor,Medium,Senior,17.846519928613922,medium,2
25.6,Carpenter,Medium,Senior,38.67187499999999,high,2
8.77,Lawyer,High,Senior,31.708283789139912,high,2
42.62,Shop Owner,Medium,Middle Age,35.055631763450684,high,2
9.77,Engineer,Low,Senior,22.096807907073963,low,2
17.75,Plumber,Low,Middle Age,28.40909090909091,medium,2
13.6,Carpenter,Medium,Senior,35.878245438061796,high,1
30.03,Driver,Low,Senior,21.70138888888889,low,2
10.53,Plumber,Medium,Middle Age,23.40750912892856,medium,1
2.16,Sales Manager,Medium,Middle Age,24.22022684310019,medium,2
44.3,Accountant,Medium,Senior,33.29864724245577,high,2
45.99,Businessman,High,Senior,26.365603028664147,high,2
26.95,Shop Owner,Low,Senior,16.09645246812271,medium,2
7.5,Lawyer,Medium,Senior,31.462672275229988,high,1
10.43,Teacher,Low,Middle Age,36.91833340094933,high,2
5.85,Government Employee,Low,Middle Age,26.48553974966893,medium,1
42.91,Electrician,High,Senior,16.09645246812271,high,2
3.4,Factory Worker,Low,Senior,18.517804097064154,low,2
41.89,Factory Worker,Low,Middle Age,24.622960911049557,low,2
48.46,Data Analyst,Low,Middle Age,21.736505252988767,low,1
25.9,Factory Worker,Low,Middle Age,14.105902777777779,medium,1
48.55,Content Writer,Medium,Senior,25.390624999999996,medium,1
45.55,Retail Manager,Medium,Middle Age,12.597631645250694,medium,3
40.28,Shop Owner,Medium,Senior,35.49786654236437,high,2
15.7,Sales Manager,Low,Middle Age,16.049382716049383,medium,1
21.21,HR Manager,Medium,Middle Age,20.70081674131507,medium,1
13.66,Government Employee,Medium,Senior,25.359256128486894,medium,2
38.85,Content Writer,Medium,Middle Age,32.91201288470292,high,2
21.66,Factory Worker,Medium,Senior,27.21730294672667,medium,3
8.72,Businessman,High,Senior,16.141528925619834,medium,2
4.32,Nurse,Low,Senior,24.977043158861342,medium,2
45.9,Electrician,Low,Middle Age,15.605006085952374,medium,2
17.4,Electrician,Low,Middle Age,29.629629629629626,medium,3
24.42,Real Estate Agent,Low,Senior,17.360441340997646,medium,3
8.14,Plumber,Low,Middle Age,24.221453287197235,low,2
35.85,Marketing Manager,Medium,Senior,24.725182932941294,low,2
44.11,Lawyer,High,Senior,28.060018903591683,high,1
10.98,Architect,Medium,Middle Age,20.37120869171571,medium,2
29.24,Doctor,High,Senior,30.757400999615534,high,1
6.2,Lawyer,Medium,Middle Age,27.688778133776353,high,1
44.86,Engineer,Medium,Senior,28.305995064595734,medium,1
18.78,Shop Owner,Medium,Middle Age,22.985397512168742,medium,2
3.78,Architect,Low,Senior,24.720578566732414,low,3
8.17,Insurance Agent,Medium,Senior,32.03124999999999,high,2
16.4,Architect,Low,Senior,23.808797045267237,low,2
3.66,Electrician,Medium,Senior,20.37120869171571,medium,1
37.64,Marketing Manager,Medium,Senior,28.393726338561386,medium,2
40.21,Chef,High,Middle Age,19.257028815517668,medium,3
18.26,Doctor,Medium,Middle Age,35.796045785639954,high,1
44.94,Pharmacist,Medium,Senior,24.8109640831758,low,2
12.58,HR Manager,High,Senior,31.120686707020965,high,2
40.7,Chef,Medium,Middle Age,15.779092702169626,medium,2
7.93,HR Manager,Low,Middle Age,17.006802721088437,medium,2
42.86,Data Analyst,Medium,Middle Age,19.494328922495274,medium,2
41.21,Chef,Medium,Senior,22.584759273036454,low,2
38.74,Carpenter,High,Senior,24.720578566732414,medium,2
49.23,Accountant,High,Middle Age,17.21108680841909,high,1
16.51,Banker,Low,Middle Age,23.93606231490121,low,2
49.34,Software Engineer,High,Middle Age,33.34648069131199,high,2
6.68,Retail Manager,Medium,Middle Age,27.46481071127618,medium,2
18.82,Factory Worker,Low,Middle Age,18.58789213303211,low,2
23.02,Factory Worker,Medium,Middle Age,40.16390117246136,high,1
9.52,Real Estate Agent,Low,Middle Age,23.120623596247853,low,2
27.04,Doctor,Medium,Middle Age,12.753746413008821,medium,2
12.88,Pharmacist,Low,Middle Age,23.938989774631512,low,1
15.41,Doctor,High,Middle Age,29.094282341035587,high,2
26.23,Retail Manager,Low,Senior,24.22022684310019,low,1
38.05,Doctor,High,Senior,31.24523700655387,high,2
9.05,Doctor,Medium,Senior,25.761772853185597,medium,2
9.58,Factory Worker,Medium,Middle Age,19.140624999999996,medium,2
9.22,Civil Servant,Medium,Senior,15.570934256055365,medium,1
25.41,Banker,High,Senior,21.641274238227147,medium,2
39.79,Government Employee,Low,Middle Age,20.902385858042937,low,2
10.24,Businessman,Low,Senior,24.859073561850078,low,2
14.79,Government Employee,Medium,Senior,34.527089072543625,high,3
17.99,Plumber,Low,Senior,22.28247738194314,low,1
17.38,Chef,High,Senior,12.868540707483769,high,1
42.46,Nurse,High,Middle Age,28.726787729557817,high,1
10.25,Chef,Low,Middle Age,23.025684602944,low,1
23.7,Data Analyst,Low,Middle Age,19.46088099934254,low,1
39.9,Insurance Agent,Medium,Senior,18.717447916666668,low,2
9.15,Government Employee,Low,Senior,18.826793499801823,low,1
2.63,Civil Servant,Low,Middle Age,18.507766003774133,medium,1
34.76,Data Analyst,Medium,Middle Age,42.666666666666664,high,1
22.55,Factory Worker,Medium,Middle Age,18.101807059704754,medium,3
9.88,Lawyer,Medium,Middle Age,35.41912632821724,high,1
27.09,Accountant,High,Middle Age,26.953124999999996,high,1
18.46,Teacher,Low,Middle Age,29.3946871824648,medium,2
43.15,Content Writer,High,Senior,34.256055363321806,high,1
32.03,Civil Servant,Low,Middle Age,19.81784449316917,low,1
27.29,Consultant,Medium,Middle Age,33.59374999999999,high,2
44.34,Accountant,Low,Middle Age,17.239048134126556,medium,2
2.22,Pharmacist,High,Senior,16.54730902777778,high,3
34.67,Plumber,High,Senior,13.88721168940949,high,2
8.86,Software Engineer,Low,Middle Age,22.832879346258608,low,2
40.24,Marketing Manager,High,Middle Age,29.26334020126011,high,2
5.72,Businessman,Low,Middle Age,15.872531363511492,medium,2
7.76,Real Estate Agent,High,Senior,15.81869834710744,high,2
36.79,Government Employee,Medium,Senior,22.367440024560327,low,3
10.51,Architect,Low,Middle Age,17.25894069714803,medium,1
11.42,Doctor,Medium,Senior,14.518368892816563,medium,2
35.27,Content Writer,Low,Middle Age,23.849776597029344,low,1
40.47,Pharmacist,Low,Middle Age,21.827744904667984,low,1
7.78,Accountant,Medium,Senior,15.523847271766416,medium,2
29.81,Marketing Manager,Low,Middle Age,18.442545824080696,medium,2
45.44,Insurance Agent,Medium,Middle Age,24.577867151840145,medium,1
25.36,Factory Worker,Medium,Middle Age,30.666666666666668,high,1
9.42,Engineer,Medium,Senior,16.901027582477017,medium,2
4.35,Doctor,Low,Middle Age,26.83518005540166,medium,1
25.98,Shop Owner,High,Senior,28.282828282828287,high,2
22.62,Doctor,Medium,Senior,16.5406427221172,medium,2
42.65,Sales Manager,Medium,Senior,19.986850756081527,low,1
29.85,Plumber,Medium,Middle Age,18.30576947355132,medium,1
20.31,Doctor,Low,Middle Age,20.616319444444446,low,1
41.0,Retail Manager,Low,Middle Age,23.66691015339664,low,2
24.69,Real Estate Agent,Medium,Middle Age,23.030045351473927,medium,2
4.84,Nurse,Low,Middle Age,32.029085872576175,high,1
42.83,Consultant,Medium,Middle Age,36.98224852071006,high,2
41.69,Pharmacist,Low,Middle Age,24.39626106740495,low,2
11.14,Businessman,Low,Middle Age,27.77442337881898,medium,2
45.61,Carpenter,Low,Middle Age,16.979591836734695,medium,2
23.44,Accountant,Low,Middle Age,19.14672216441207,low,1
45.89,Lab Technician,Low,Middle Age,15.677052714089752,medium,1
29.8,Government Employee,High,Middle Age,30.470521541950117,high,2
10.08,Architect,Medium,Senior,27.47138397502601,medium,3
12.72,Teacher,Low,Middle Age,18.467220683287167,medium,1
44.08,Real Estate Agent,Medium,Middle Age,15.826092149661081,high,2
42.64,Civil Servant,Medium,Senior,15.442248848980523,medium,2
24.8,Accountant,Medium,Senior,17.450132889473544,medium,2
14.49,Real Estate Agent,High,Senior,43.55555555555556,high,3
30.97,Retail Manager,Medium,Senior,19.362472659471475,low,1
44.25,Nurse,Medium,Senior,19.66230766829999,low,2
13.65,Chef,Low,Senior,23.588329220496444,low,2
46.42,Data Analyst,Low,Middle Age,14.473062381852552,medium,1
28.49,Factory Worker,Medium,Middle Age,19.927728770326283,medium,2
44.54,Carpenter,High,Middle Age,31.17913832199547,high,2
2.34,Doctor,Medium,Middle Age,24.456063417102378,medium,2
18.05,Electrician,Low,Middle Age,26.874947509868147,medium,2
2.4,Plumber,Low,Middle Age,20.571428571428573,medium,2
43.06,Consultant,Low,Middle Age,20.45114617990904,low,2
9.88,Civil Servant,Low,Middle Age,36.68409512565357,high,1
15.48,Lab Technician,Medium,Senior,26.874496103198062,medium,1
49.5,Plumber,High,Senior,18.413907181423802,high,2
27.24,Insurance Agent,Low,Middle Age,25.61728395061728,medium,2
40.85,Carpenter,Medium,Senior,32.242063492063494,high,2
7.24,Marketing Manager,Low,Middle Age,28.068918152229088,medium,2
6.51,Lab Technician,Medium,Senior,13.834635416666668,medium,1
24.19,Teacher,Low,Middle Age,24.178977574662557,low,1
49.03,Electrician,High,Senior,31.533446712018144,high,1
30.86,HR Manager,High,Middle Age,19.473406629072173,medium,3
2.45,Sales Manager,Low,Middle Age,22.395789591556788,low,1
9.35,Chef,Low,Senior,24.577867151840145,low,2
36.02,Engineer,High,Senior,31.960227272727273,high,1
38.6,Nurse,Low,Senior,22.136739730004358,low,1
37.8,Pharmacist,Low,Middle Age,27.44059917355372,medium,2
17.95,Retail Manager,Low,Middle Age,22.47120876377142,low,2
37.4,Chef,Medium,Senior,32.769394909312595,high,2
13.1,Lab Technician,Low,Middle Age,15.495867768595042,medium,2
31.04,Teacher,Medium,Middle Age,35.55555555555556,high,2
47.98,Teacher,Medium,Senior,26.794938016528928,medium,2
43.02,Engineer,Medium,Senior,40.44444444444444,high,1
2.75,Pharmacist,Low,Middle Age,22.275309917355372,medium,2
5.92,Pharmacist,Low,Middle Age,20.07960127648894,low,2
39.59,Lawyer,Low,Senior,21.672110130948383,low,2
11.48,Chef,Low,Middle Age,38.764289387286894,high,1
37.5,Insurance Agent,Medium,Middle Age,37.27906670760054,high,2
42.99,Insurance Agent,Low,Middle Age,25.476660092044707,medium,2
34.83,Driver,High,Senior,28.360351528307834,high,2
21.46,Driver,High,Senior,26.753212578395683,high,2
4.16,Data Analyst,High,Senior,36.571334648257725,high,1
26.8,Civil Servant,Medium,Senior,29.384676110696898,medium,2
5.42,Real Estate Agent,High,Middle Age,29.000594883997625,high,2
43.75,Content Writer,Low,Middle Age,15.886965927528395,medium,2
17.08,Government Employee,Medium,Senior,26.92743764172336,medium,2
18.98,Banker,High,Senior,13.007284079084286,high,2
32.78,Marketing Manager,High,Senior,17.54187415119964,high,2
46.1,Consultant,Medium,Senior,25.507492826017643,medium,2
40.67,Data Analyst,Low,Middle Age,28.341855368882392,medium,2
11.81,Carpenter,Medium,Middle Age,28.373702422145332,high,1
8.66,Retail Manager,Medium,Senior,25.737081414967538,medium,1
33.79,Sales Manager,Low,Middle Age,22.230987127541326,low,2
9.57,HR Manager,Low,Senior,23.54788069073783,low,2
39.28,Lab Technician,Medium,Senior,34.72088268199529,high,3
44.93,Accountant,Low,Middle Age,23.12406058503873,low,1
44.6,Civil Servant,Medium,Senior,24.543462381300216,low,1
11.36,Data Analyst,Medium,Senior,21.051708258409718,medium,2
6.41,Plumber,Low,Middle Age,17.75568181818182,medium,2
48.5,Civil Servant,Medium,Middle Age,29.054752066115704,medium,1
28.44,Insurance Agent,Medium,Middle Age,18.413907181423802,medium,1
23.17,Banker,Low,Middle Age,26.397977394408095,medium,2
17.56,Pharmacist,Low,Middle Age,16.81857638888889,medium,1
38.75,Carpenter,Medium,Senior,26.397977394408095,medium,2
19.75,Marketing Manager,Low,Middle Age,19.723865877712033,low,1
15.81,Marketing Manager,Medium,Senior,23.87152777777778,medium,2
47.29,HR Manager,Medium,Middle Age,30.299204645878046,high,1
36.19,Banker,Medium,Middle Age,34.577632361689474,high,2
22.35,Data Analyst,Low,Middle Age,17.36111111111111,medium,2
40.87,Carpenter,High,Middle Age,11.95663726219577,high,1
13.31,Banker,Low,Middle Age,30.094730002393902,high,1
48.87,Teacher,Low,Senior,26.31293402777778,medium,2
31.54,Shop Owner,High,Senior,22.093170054286073,medium,3
13.03,Lab Technician,Low,Middle Age,23.054562464499313,low,2
45.64,HR Manager,Low,Senior,25.14860539551897,medium,1
13.05,Businessman,Low,Middle Age,20.37037037037037,low,1
14.47,Driver,Medium,Middle Age,27.555555555555557,high,2
23.44,Civil Servant,Low,Middle Age,25.762980578676178,medium,1
5.85,HR Manager,Low,Middle Age,25.63691716071142,medium,2
40.05,Architect,Medium,Middle Age,20.088275237664103,medium,2
14.93,Engineer,Low,Middle Age,19.487382745408905,medium,1
25.83,Carpenter,High,Middle Age,26.59266967279454,high,2
23.07,Consultant,Low,Senior,19.568236333796236,low,2
5.12,Accountant,High,Senior,15.570934256055365,high,2
4.25,Banker,Low,Middle Age,26.753212578395683,medium,2
25.04,Teacher,Medium,Middle Age,23.79552644102909,medium,1
19.01,Chef,High,Senior,17.882971729125575,high,1
7.75,Carpenter,Low,Middle Age,20.796729893506402,low,2
3.06,Driver,High,Senior,33.96239627464025,high,2
17.06,Factory Worker,Medium,Senior,36.91833340094933,high,2
33.53,Insurance Agent,Medium,Middle Age,37.71764396298408,high,2
23.83,Doctor,Low,Senior,23.91327452439154,low,2
12.13,Insurance Agent,Low,Middle Age,16.872086705367607,medium,1
20.8,Software Engineer,High,Senior,40.05734525215045,high,1
41.41,Teacher,Medium,Middle Age,37.72972534382733,high,2
43.63,Factory Worker,High,Senior,20.227025721531216,low,3
47.37,Doctor,Medium,Senior,12.097304404996713,medium,2
27.78,Banker,Medium,Middle Age,32.987916382803256,high,2
38.65,Real Estate Agent,High,Middle Age,35.33859303090072,high,3
32.29,Consultant,Low,Middle Age,21.564544913741823,low,3
9.69,HR Manager,Low,Middle Age,14.473062381852552,medium,2
20.02,Banker,High,Senior,39.54214360041623,high,2
25.69,Pharmacist,High,Senior,21.490285513793253,medium,1
22.88,Accountant,Low,Senior,23.53036634346221,low,1
4.94,Electrician,Low,Middle Age,20.820939916716245,medium,2
29.59,Data Analyst,Medium,Senior,27.160493827160494,medium,2
29.08,Shop Owner,Medium,Senior,29.283902910276534,medium,1
42.19,Lab Technician,High,Middle Age,13.550855563821873,high,3
14.14,Businessman,Low,Senior,19.37919743392696,low,2
23.41,Doctor,Low,Middle Age,19.667590027700832,low,1
14.32,Shop Owner,High,Middle Age,21.504469556417607,medium,3
36.65,Plumber,Medium,Senior,15.854141894569956,medium,1
13.53,Insurance Agent,Medium,Middle Age,29.270994027135,medium,2
44.84,Retail Manager,Medium,Senior,17.789706937985706,medium,1
48.2,Content Writer,Medium,Senior,26.303618915481554,medium,1
46.21,Nurse,Low,Senior,24.76756591982929,low,1
37.88,Lawyer,Medium,Senior,14.879370815176959,medium,2
34.26,Pharmacist,High,Senior,17.43285123966942,high,2
21.88,Nurse,Medium,Middle Age,30.407626561472714,high,1
49.14,Factory Worker,Medium,Senior,17.043302613306402,medium,3
33.06,Content Writer,Medium,Senior,13.412228796844182,medium,2
3.18,Retail Manager,Low,Middle Age,20.820939916716245,low,1
36.94,Banker,High,Senior,39.15984336062655,high,2
40.1,Shop Owner,Medium,Middle Age,35.111111111111114,high,1
2.91,Consultant,Low,Middle Age,30.24691358024691,high,2
19.31,Content Writer,Low,Senior,22.20333872426743,low,2
12.96,Factory Worker,Medium,Senior,25.77251808021039,medium,2
15.63,Engineer,Low,Senior,24.83576349943919,low,1
6.57,Electrician,Medium,Middle Age,19.723183391003463,low,1
46.02,Businessman,Low,Middle Age,23.48347668628339,low,2
30.27,Engineer,Medium,Senior,13.29633483639727,medium,2
29.37,Accountant,Low,Middle Age,21.35779559539232,low,2
2.36,Banker,High,Senior,14.363688595231254,high,2
33.02,Data Analyst,Medium,Senior,19.14672216441207,low,2
6.35,Shop Owner,Medium,Middle Age,21.883656509695292,low,1
3.45,Sales Manager,Low,Middle Age,17.181669306558565,medium,1
26.59,Driver,Medium,Middle Age,23.11111111111111,medium,3
42.9,Chef,High,Senior,31.572071418202935,high,2
6.42,Plumber,Low,Senior,21.338210638622158,low,2
38.0,Shop Owner,Low,Middle Age,15.91695501730104,medium,2
14.99,Carpenter,Medium,Senior,32.95068027210885,high,2
14.67,Carpenter,Low,Middle Age,30.48668503213958,high,1
7.92,Retail Manager,High,Senior,26.609712545078956,high,2
12.81,Electrician,Medium,Middle Age,22.76943835385394,medium,1
37.38,Nurse,Medium,Senior,20.134779750164363,low,2
6.54,Carpenter,Medium,Middle Age,16.245274102079396,medium,2
48.46,Insurance Agent,Low,Middle Age,23.661438615467823,low,2
40.99,Driver,Low,Middle Age,21.719250114311837,low,2
42.56,Teacher,Medium,Senior,25.499131944444446,medium,2
38.35,Accountant,High,Senior,27.281746031746035,high,1
11.41,Retail Manager,Medium,Middle Age,19.47714681440443,medium,1
12.44,Plumber,Medium,Middle Age,23.244594535327398,medium,2
41.78,Shop Owner,High,Middle Age,32.40615716986227,high,2
20.72,Software Engineer,High,Middle Age,12.222340312466788,high,2
6.39,Businessman,High,Middle Age,32.488628979857054,high,1
40.49,Content Writer,Low,Middle Age,21.359914560341757,low,2
2.71,Marketing Manager,Low,Middle Age,26.037493991347535,high,2
38.86,Plumber,Medium,Middle Age,25.99243856332703,medium,2
33.38,Consultant,Medium,Senior,23.99945916711736,low,1
36.89,Civil Servant,Low,Middle Age,18.621386188612547,low,1
3.49,Real Estate Agent,Medium,Senior,32.660763536072004,high,2
12.77,Factory Worker,Low,Middle Age,24.178977574662557,low,1
6.57,HR Manager,Low,Middle Age,23.163373273470786,low,3
10.24,Insurance Agent,Low,Middle Age,13.020833333333334,medium,1
5.71,Nurse,Medium,Senior,28.35538752362949,medium,2
7.18,Software Engineer,High,Middle Age,23.437499999999996,medium,2
30.72,Lab Technician,High,Middle Age,32.02036958450677,high,2
4.77,Businessman,High,Senior,25.661152034778407,high,2
25.29,Insurance Agent,Low,Middle Age,12.488043362737805,medium,2
21.12,Driver,Medium,Senior,23.808797045267237,low,3
20.7,Carpenter,Medium,Senior,17.506389832288786,medium,2
21.21,Sales Manager,High,Middle Age,26.861206922865602,medium,1
20.33,Accountant,Medium,Middle Age,32.01613964299811,high,2
12.18,Data Analyst,Medium,Middle Age,27.141582391433676,medium,1
21.66,Software Engineer,Low,Senior,19.25998263888889,low,1
36.36,Pharmacist,Medium,Middle Age,20.37120869171571,medium,2
12.95,Software Engineer,High,Senior,18.078512396694215,high,2
37.2,Nurse,Medium,Middle Age,39.81994459833795,high,2
9.11,Driver,Medium,Middle Age,29.065743944636683,high,2
14.75,Civil Servant,Medium,Middle Age,17.915089237425637,high,1
16.7,Consultant,Medium,Middle Age,29.887694722859557,medium,2
12.88,Insurance Agent,High,Middle Age,36.32812499999999,high,1
15.69,Lawyer,Low,Middle Age,18.078512396694215,medium,1
26.02,Government Employee,High,Senior,38.446751249519416,high,1
43.87,Sales Manager,High,Senior,35.924515235457065,high,2
25.94,Sales Manager,Low,Senior,23.59700420642249,low,1
19.21,Nurse,Medium,Middle Age,14.956808400231983,high,2
37.34,Driver,High,Middle Age,32.74416118146279,high,2
45.52,Civil Servant,High,Middle Age,35.111111111111114,high,1
29.93,Lab Technician,Low,Middle Age,18.376825152861773,medium,2
13.22,Driver,Medium,Senior,40.37460978147762,high,2
13.62,Accountant,Medium,Senior,22.060353798126947,medium,1
31.63,Carpenter,Medium,Middle Age,32.21175729141137,high,2
4.71,Real Estate Agent,Low,Middle Age,33.96239627464025,high,2
10.16,Data Analyst,Medium,Senior,25.475210660395845,medium,2
8.04,Factory Worker,Low,Middle Age,18.376825152861773,medium,1
20.39,Architect,Medium,Middle Age,28.40111107643332,medium,1
45.16,Carpenter,Low,Middle Age,21.75546853368142,low,2
24.07,Insurance Agent,Medium,Senior,13.735844449192637,medium,2
34.75,Government Employee,Medium,Senior,17.360441340997646,medium,2
17.03,Real Estate Agent,Medium,Senior,30.730609418282548,high,1
26.19,Sales Manager,Medium,Senior,25.2993759487266,medium,1
35.0,Content Writer,High,Senior,36.43664485425343,high,2
36.07,Doctor,Medium,Middle Age,27.887617065556707,medium,2
17.65,Factory Worker,Low,Middle Age,23.087868130688072,low,2
19.43,Sales Manager,Low,Middle Age,23.991212856977683,low,2
19.04,Real Estate Agent,Medium,Middle Age,24.0,medium,1
31.78,Content Writer,High,Senior,14.452537865649207,high,1
17.16,Government Employee,High,Senior,26.43807082198365,high,2
29.95,Engineer,High,Senior,20.478266613819528,medium,2
48.46,Data Analyst,Medium,Senior,22.806017279943863,low,1
48.47,Doctor,High,Senior,31.120686707020965,high,1
42.82,Architect,Medium,Senior,16.693279140659023,medium,2
26.47,Shop Owner,Low,Middle Age,21.36686914318855,low,2
39.47,Engineer,High,Senior,19.667590027700832,medium,2
11.06,Consultant,Low,Middle Age,22.093170054286073,low,2
49.68,Plumber,Medium,Middle Age,35.41912632821724,high,2
26.92,Insurance Agent,Medium,Middle Age,22.67573696145125,medium,2
9.86,Carpenter,Medium,Middle Age,41.009867999487376,high,2
42.25,Businessman,Medium,Middle Age,22.305470559638533,medium,2
49.83,Sales Manager,Medium,Senior,16.45600644235146,medium,3
49.57,Electrician,High,Senior,26.106562240417702,high,2
16.19,Chef,Low,Middle Age,16.946676406135865,medium,1
33.6,Lawyer,Medium,Middle Age,24.690405462752206,medium,1
19.73,Consultant,Low,Senior,20.671695884453275,low,1
21.75,Pharmacist,High,Middle Age,15.173037190082646,high,2
30.09,Businessman,Low,Senior,23.735308416025617,low,1
47.31,Government Employee,Medium,Senior,29.761904761904766,medium,3
29.84,Nurse,Medium,Middle Age,31.615792841281195,high,3
37.52,Architect,High,Senior,26.775510204081634,medium,2
39.55,Carpenter,High,Middle Age,37.32402937238833,high,2
3.77,Sales Manager,Low,Middle Age,34.527089072543625,high,3
46.83,Architect,Low,Middle Age,14.613667764905943,medium,2
48.5,Government Employee,Medium,Senior,31.37798916633637,high,2
36.56,HR Manager,Low,Middle Age,22.498173849525198,low,1
26.52,Electrician,Medium,Senior,22.917609778180175,low,1
9.49,Real Estate Agent,Medium,Middle Age,16.568047337278106,high,1
49.18,Shop Owner,Medium,Senior,16.59804015448945,medium,2
17.48,Shop Owner,Low,Middle Age,19.840664204389366,low,2
43.57,Chef,High,Senior,19.39632266978425,medium,2
17.33,Real Estate Agent,Low,Middle Age,16.141528925619834,medium,2
29.37,Shop Owner,Low,Senior,19.97440779001904,low,2
22.18,Lab Technician,Low,Middle Age,14.765497060323767,medium,2
17.71,Shop Owner,High,Senior,29.402920244578837,high,1
38.34,Lawyer,High,Middle Age,27.40765727778715,high,1
21.2,Factory Worker,Low,Middle Age,21.97265625,low,1
8.44,Lab Technician,Medium,Middle Age,39.03337572913469,high,1
49.16,Sales Manager,Medium,Middle Age,16.516894823773132,medium,2
23.45,Teacher,Low,Middle Age,21.971335857220122,low,2
8.3,Insurance Agent,Low,Middle Age,17.569651116927822,medium,2
35.65,Real Estate Agent,Low,Middle Age,25.770399305555557,medium,2
21.02,Software Engineer,Medium,Middle Age,24.96494647925858,high,2
45.67,Insurance Agent,Medium,Senior,24.747454257779218,low,2
43.26,Marketing Manager,High,Senior,30.75987020010817,high,1
32.38,Nurse,Medium,Senior,17.43285123966942,medium,2
48.84,Sales Manager,High,Senior,23.095409007209515,medium,1
11.79,Banker,Low,Senior,23.147255121330193,low,1
30.26,Doctor,High,Senior,28.719723183391007,high,1
27.17,Businessman,Medium,Middle Age,26.83518005540166,high,1
42.37,Government Employee,High,Middle Age,33.53147386069196,high,2
24.82,Real Estate Agent,High,Senior,37.22299168975069,high,1
16.72,Accountant,Medium,Senior,27.77031263997133,medium,3
18.47,Accountant,High,Middle Age,28.703703703703702,high,1
30.06,Engineer,Low,Middle Age,24.930747922437675,medium,2
33.19,Lawyer,Low,Middle Age,21.06162815542871,low,2
40.56,Architect,Low,Middle Age,19.038107424861895,low,2
18.9,Shop Owner,Low,Middle Age,18.390674513354462,medium,1
37.49,Civil Servant,Low,Senior,19.25998263888889,low,2
12.47,Government Employee,High,Middle Age,32.00731595793324,high,2
21.82,Government Employee,Low,Senior,21.383941996057334,low,2
46.85,Banker,High,Senior,35.84078259402935,high,1
22.55,Marketing Manager,High,Senior,30.642535669826675,high,1
21.78,Accountant,Low,Middle Age,15.733506944444445,medium,2
31.49,Lawyer,Medium,Middle Age,33.53147386069196,high,2
23.08,Civil Servant,Medium,Middle Age,24.8109640831758,medium,2
4.98,Consultant,Low,Middle Age,27.143037495265748,medium,2
45.35,Real Estate Agent,Medium,Middle Age,29.475842624631554,medium,3
19.83,Chef,Medium,Middle Age,21.35779559539232,medium,2
3.78,Engineer,Low,Senior,12.465373961218837,medium,2
39.37,Real Estate Agent,Medium,Senior,21.490285513793253,low,1
4.31,Accountant,Low,Senior,19.53542321662953,low,1
20.01,Lawyer,Medium,Middle Age,14.012410992593438,medium,2
19.7,Civil Servant,Medium,Senior,40.47900151796256,high,2
47.0,Teacher,High,Middle Age,27.44454504300589,high,2
33.07,Accountant,Medium,Middle Age,19.46088099934254,medium,2
44.05,Civil Servant,Medium,Senior,22.11584222166233,low,2
10.73,Government Employee,Low,Senior,20.23950075898128,low,2
31.88,Carpenter,Low,Middle Age,18.599213518971197,low,1
9.87,Driver,High,Middle Age,26.589183410542475,high,1
49.15,Driver,Low,Middle Age,28.685144680698485,medium,2
20.35,Architect,Medium,Senior,21.20310522895934,low,2
18.26,Retail Manager,Medium,Middle Age,41.6648392614359,high,2
19.58,Nurse,Low,Middle Age,15.854141894569956,medium,2
46.78,Architect,High,Senior,29.24149338374291,high,2
37.56,Civil Servant,Medium,Senior,23.046874999999996,low,2
9.74,Software Engineer,Medium,Senior,14.802225816178286,medium,1
6.84,Consultant,Low,Middle Age,29.270994027135,medium,1
23.38,Retail Manager,Medium,Middle Age,14.024835646457266,medium,1
40.37,Software Engineer,Low,Middle Age,23.931623931623932,low,2
31.41,Retail Manager,Low,Middle Age,22.917609778180175,low,2
32.9,Civil Servant,High,Senior,39.65710623297548,high,1
42.76,Real Estate Agent,High,Senior,24.747454257779218,medium,2
5.63,Accountant,Low,Middle Age,27.548209366391188,medium,2
2.09,Consultant,Low,Middle Age,20.936639118457304,low,1
12.98,Content Writer,Medium,Middle Age,33.2621406813487,high,1
23.67,Chef,Medium,Senior,15.516107823800132,medium,2
32.2,Lawyer,Medium,Middle Age,18.20664542558034,medium,2
28.11,Doctor,Medium,Middle Age,17.269263452207998,medium,2
48.28,Doctor,Medium,Middle Age,20.703124999999996,medium,2
4.34,Accountant,Low,Middle Age,38.15622121836761,high,2
35.99,Sales Manager,High,Senior,36.0,high,1
49.97,Civil Servant,Medium,Middle Age,20.74506939371804,medium,2
38.66,Banker,Medium,Middle Age,28.037923459359458,medium,1
12.48,Civil Servant,Medium,Senior,12.609303473040761,medium,1
30.25,Government Employee,Medium,Middle Age,36.51263742951032,high,1
48.35,Architect,Medium,Senior,37.97318144060757,high,2
8.13,Government Employee,Medium,Senior,31.626276482243554,high,2
18.95,HR Manager,Low,Middle Age,17.63668430335097,medium,2
12.54,Electrician,Medium,Senior,39.387119113573405,high,2
35.43,Shop Owner,Medium,Middle Age,33.28402366863905,high,3
13.47,Chef,Low,Senior,23.413111342351716,low,2
48.47,Sales Manager,Low,Middle Age,21.521947071952386,low,2
10.46,Civil Servant,Medium,Middle Age,24.221453287197235,medium,1
5.74,Doctor,High,Senior,24.515595463137995,medium,1
49.01,Businessman,Low,Middle Age,23.702162099664697,low,2
26.05,Architect,Medium,Senior,25.10633270321361,medium,1
25.67,Insurance Agent,Medium,Senior,27.428571428571427,medium,1
8.58,Nurse,Low,Middle Age,23.938989774631512,low,3
22.33,Sales Manager,Low,Middle Age,23.148148148148145,low,1
30.78,Consultant,Medium,Senior,15.949905482041586,medium,2
14.3,Government Employee,Medium,Senior,40.349107495285295,high,1
49.05,Chef,High,Middle Age,37.89062499999999,high,2
43.85,Carpenter,Medium,Senior,25.499131944444446,medium,1
41.2,Marketing Manager,Low,Senior,20.322252866889244,low,2
31.47,Engineer,High,Senior,37.72972534382733,high,2
22.35,Sales Manager,High,Senior,22.090729783037478,medium,2
20.52,Retail Manager,High,Senior,35.99632690541782,high,2
11.9,Accountant,Medium,Middle Age,29.642685467072578,medium,1
20.53,Shop Owner,Medium,Senior,27.12031558185404,medium,1
3.35,Content Writer,Low,Middle Age,27.887617065556707,medium,1
48.21,Teacher,Medium,Middle Age,16.75729284224206,medium,2
10.89,Consultant,Low,Middle Age,17.91663167324543,medium,2
45.69,Civil Servant,Low,Middle Age,18.68512110726644,low,2
13.03,Accountant,Low,Middle Age,26.897670187097027,medium,2
42.53,Data Analyst,Medium,Senior,24.858365128916635,low,2
23.89,Consultant,High,Middle Age,30.80124869927159,high,2
3.13,HR Manager,Low,Middle Age,17.63668430335097,medium,2
39.72,Marketing Manager,High,Middle Age,29.903028749626213,high,2
7.38,Chef,Medium,Senior,27.146814404432135,medium,1
11.26,Data Analyst,Medium,Senior,18.218322427126715,medium,2
39.18,Banker,High,Senior,13.585385593710253,high,1
32.24,Data Analyst,High,Middle Age,16.302378939741576,high,2
27.38,Sales Manager,Low,Middle Age,20.598608033457133,low,2
32.08,Engineer,Medium,Senior,26.09327520147972,medium,2
18.7,Real Estate Agent,Low,Middle Age,25.076193048107708,medium,2
30.65,Electrician,High,Middle Age,28.086419753086417,high,2
6.5,Software Engineer,Low,Middle Age,17.158054276645025,medium,2
23.17,Shop Owner,High,Senior,24.690405462752206,medium,2
12.72,Sales Manager,Low,Middle Age,29.283902910276534,medium,2
18.84,Insurance Agent,High,Senior,29.585798816568044,high,2
15.7,Driver,Medium,Senior,17.908855357415025,medium,1
18.89,Doctor,Low,Middle Age,36.88509164816139,high,2
48.46,Nurse,High,Middle Age,33.792470156106525,high,2
44.86,Shop Owner,Medium,Senior,24.96494647925858,medium,2
45.15,Teacher,Low,Middle Age,24.97398543184183,medium,2
24.81,Consultant,Medium,Senior,23.299799895836188,low,2
42.68,Carpenter,Medium,Middle Age,22.052190183434128,medium,1
31.1,Sales Manager,Medium,Middle Age,20.569329660238754,medium,2
37.65,Insurance Agent,Medium,Middle Age,23.624447492760247,medium,2
10.0,Data Analyst,Low,Middle Age,28.360351528307834,medium,2
28.63,Chef,High,Middle Age,17.25894069714803,high,2
12.01,Pharmacist,Low,Middle Age,17.270698267616112,medium,1
41.08,HR Manager,Low,Middle Age,21.60410477990818,low,1
